report_id,family_id,report_date,borough,child_age,child_race_ethnicity,allegation_type,reporter_type,reporter_accuracy_score,assigned_caseworker_id,caseworker_caseload,narrative,outcome
SCR000001,FAM00103,2024-08-02,Manhattan,17,Black/African American,Physical Abuse,School/Educational Staff,0.276,CW0009,34,Reporter states child appeared disheveled and hungry at school. Child reported parent unable to be reached. Family has no prior ACS involvement.,Substantiated
SCR000002,FAM00436,2021-08-17,Queens,13,Asian,Neglect - Inadequate Food/Clothing/Shelter,Law Enforcement,0.377,CW0036,31,Shelter staff reports child not attending school regularly. Family has been in shelter for 2 months. Caregiver appeared intoxicated.,Unsubstantiated
SCR000003,FAM00271,2021-02-21,Bronx,1,Black/African American,Neglect - Inadequate Supervision,Law Enforcement,0.393,CW0037,42,Medical staff observed bruising on arms during routine checkup. Child disclosed hitting at home. Prior ACS history: one prior report in 2022 unsubstantiated.,Unsubstantiated
SCR000004,FAM00107,2022-07-18,Bronx,15,Hispanic/Latino,Physical Abuse,School/Educational Staff,0.244,CW0059,47,Anonymous caller reports child left alone overnight. Unable to verify no food in home. Two prior substantiated reports.,Unfounded
SCR000005,FAM00072,2022-05-17,Bronx,14,White,Neglect - Inadequate Supervision,Shelter Staff,0.273,CW0021,55,Medical staff observed bruising on arms during routine checkup. Child disclosed hitting at home. Prior ACS history: one prior report in 2022 unsubstantiated.,Unsubstantiated
SCR000006,FAM00021,2022-04-03,Staten Island,7,Multiracial,Neglect - Inadequate Food/Clothing/Shelter,Anonymous,0.104,CW0020,54,Neighbor reports child unsupervised for extended periods. Child seen left alone overnight. Family known to shelter system.,Still Open
SCR000007,FAM00615,2021-10-13,Bronx,8,Multiracial,Neglect - Inadequate Supervision,Shelter Staff,0.225,CW0001,73,Medical staff observed bruising on arms during routine checkup. Child disclosed hitting at home. Prior ACS history: one prior report in 2022 unsubstantiated.,Substantiated
SCR000008,FAM00122,2021-07-29,Queens,5,White,Emotional Abuse,School/Educational Staff,0.323,CW0059,43,Reporter states child appeared disheveled and hungry at school. Child reported parent unable to be reached. Family has no prior ACS involvement.,Substantiated
SCR000009,FAM00467,2024-10-17,Manhattan,0,Asian,Emotional Abuse,School/Educational Staff,0.349,CW0028,34,Reporter states child appeared disheveled and hungry at school. Child reported parent unable to be reached. Family has no prior ACS involvement.,Still Open
SCR000010,FAM00215,2024-01-22,Brooklyn,4,Black/African American,Neglect - Inadequate Food/Clothing/Shelter,Hospital/Medical,0.462,CW0071,71,Medical staff observed bruising on arms during routine checkup. Child disclosed hitting at home. Prior ACS history: one prior report in 2022 unsubstantiated.,Still Open
SCR000011,FAM00331,2021-06-28,Bronx,12,Black/African American,Neglect - Inadequate Supervision,Family Member,0.249,CW0056,31,Neighbor reports child unsupervised for extended periods. Child seen left alone overnight. Family known to shelter system.,Unsubstantiated
SCR000012,FAM00459,2024-04-24,Bronx,0,Black/African American,Neglect - Inadequate Supervision,School/Educational Staff,0.285,CW0009,33,Shelter staff reports child not attending school regularly. Family has been in shelter for 2 months. Caregiver appeared intoxicated.,Still Open
SCR000013,FAM00088,2023-05-15,Manhattan,4,Black/African American,Emotional Abuse,Law Enforcement,0.416,CW0065,41,Anonymous caller reports child left alone overnight. Unable to verify no food in home. Two prior substantiated reports.,Substantiated
SCR000014,FAM00373,2021-03-07,Queens,5,Hispanic/Latino,Neglect - Inadequate Supervision,School/Educational Staff,0.325,CW0036,40,Shelter staff reports child not attending school regularly. Family has been in shelter for 2 months. Caregiver appeared intoxicated.,Unsubstantiated
SCR000015,FAM00100,2021-03-03,Manhattan,7,Hispanic/Latino,Neglect - Inadequate Supervision,Hospital/Medical,0.427,CW0034,33,Neighbor reports child unsupervised for extended periods. Child seen left alone overnight. Family known to shelter system.,Unsubstantiated
SCR000016,FAM00131,2021-07-11,Brooklyn,15,Black/African American,Neglect - Educational,Anonymous,0.109,CW0032,72,Law enforcement responded to domestic incident. Child present during excessive absences. Child has not seen doctor in over a year.,Substantiated
SCR000017,FAM00309,2022-03-24,Bronx,4,Hispanic/Latino,Neglect - Inadequate Food/Clothing/Shelter,Daycare/Childcare,0.325,CW0066,38,Reporter states child appeared disheveled and hungry at school. Child reported parent unable to be reached. Family has no prior ACS involvement.,Unfounded
SCR000018,FAM00344,2022-04-22,Staten Island,4,Black/African American,Neglect - Inadequate Food/Clothing/Shelter,School/Educational Staff,0.314,CW0025,39,Law enforcement responded to domestic incident. Child present during excessive absences. Child has not seen doctor in over a year.,Unfounded
SCR000019,FAM00492,2023-11-01,Queens,11,Black/African American,Sexual Abuse,Hospital/Medical,0.542,CW0051,56,Anonymous caller reports child left alone overnight. Unable to verify no food in home. Two prior substantiated reports.,Unfounded
SCR000020,FAM00414,2024-05-17,Bronx,6,Hispanic/Latino,Neglect - Inadequate Supervision,School/Educational Staff,0.325,CW0063,35,Neighbor reports child unsupervised for extended periods. Child seen left alone overnight. Family known to shelter system.,Unsubstantiated
SCR000021,FAM00386,2021-02-24,Staten Island,2,White,Neglect - Inadequate Supervision,Shelter Staff,0.249,CW0045,44,Anonymous caller reports child left alone overnight. Unable to verify no food in home. Two prior substantiated reports.,Unfounded
SCR000022,FAM00192,2024-02-24,Manhattan,6,White,Emotional Abuse,Law Enforcement,0.338,CW0026,71,Law enforcement responded to domestic incident. Child present during excessive absences. Child has not seen doctor in over a year.,Unfounded
SCR000023,FAM00277,2022-02-12,Manhattan,1,Hispanic/Latino,Emotional Abuse,School/Educational Staff,0.285,CW0021,60,Neighbor reports child unsupervised for extended periods. Child seen left alone overnight. Family known to shelter system.,Unsubstantiated
SCR000024,FAM00161,2024-08-23,Manhattan,2,Black/African American,Neglect - Inadequate Supervision,Hospital/Medical,0.529,CW0051,51,Shelter staff reports child not attending school regularly. Family has been in shelter for 2 months. Caregiver appeared intoxicated.,Unsubstantiated
SCR000025,FAM00460,2024-12-07,Queens,7,Hispanic/Latino,Neglect - Inadequate Food/Clothing/Shelter,Hospital/Medical,0.4,CW0024,35,Shelter staff reports child not attending school regularly. Family has been in shelter for 2 months. Caregiver appeared intoxicated.,Unsubstantiated
SCR000026,FAM00314,2024-01-22,Manhattan,5,Black/African American,Neglect - Inadequate Supervision,Family Member,0.265,CW0012,62,Law enforcement responded to domestic incident. Child present during excessive absences. Child has not seen doctor in over a year.,Substantiated
SCR000027,FAM00022,2023-05-10,Bronx,15,Black/African American,Neglect - Medical,Social Service Provider,0.311,CW0011,58,Law enforcement responded to domestic incident. Child present during excessive absences. Child has not seen doctor in over a year.,Unsubstantiated
SCR000028,FAM00253,2022-03-28,Brooklyn,4,Hispanic/Latino,Neglect - Educational,School/Educational Staff,0.323,CW0027,50,Reporter states child appeared disheveled and hungry at school. Child reported parent unable to be reached. Family has no prior ACS involvement.,Unsubstantiated
SCR000029,FAM00561,2023-07-09,Queens,8,Black/African American,Neglect - Medical,Anonymous,0.18,CW0023,59,Shelter staff reports child not attending school regularly. Family has been in shelter for 2 months. Caregiver appeared intoxicated.,Unsubstantiated
SCR000030,FAM00475,2024-04-21,Bronx,9,Black/African American,Physical Abuse,Hospital/Medical,0.391,CW0033,50,Reporter states child appeared disheveled and hungry at school. Child reported parent unable to be reached. Family has no prior ACS involvement.,Still Open
SCR000031,FAM00059,2022-07-24,Brooklyn,0,Unknown,Neglect - Inadequate Food/Clothing/Shelter,Hospital/Medical,0.388,CW0038,65,Law enforcement responded to domestic incident. Child present during excessive absences. Child has not seen doctor in over a year.,Unsubstantiated
SCR000032,FAM00511,2021-01-14,Brooklyn,10,Unknown,Neglect - Educational,Daycare/Childcare,0.433,CW0055,51,Anonymous caller reports child left alone overnight. Unable to verify no food in home. Two prior substantiated reports.,Substantiated
SCR000033,FAM00476,2021-11-23,Brooklyn,2,Black/African American,Neglect - Inadequate Food/Clothing/Shelter,Family Member,0.269,CW0070,75,Neighbor reports child unsupervised for extended periods. Child seen left alone overnight. Family known to shelter system.,Unsubstantiated
SCR000034,FAM00190,2024-11-30,Manhattan,16,Black/African American,Neglect - Inadequate Supervision,Neighbor/Community,0.22,CW0042,49,Shelter staff reports child not attending school regularly. Family has been in shelter for 2 months. Caregiver appeared intoxicated.,Unfounded
SCR000035,FAM00563,2023-05-16,Staten Island,1,Black/African American,Neglect - Educational,Shelter Staff,0.319,CW0029,51,Neighbor reports child unsupervised for extended periods. Child seen left alone overnight. Family known to shelter system.,Still Open
SCR000036,FAM00567,2022-11-28,Bronx,5,Hispanic/Latino,Physical Abuse,Hospital/Medical,0.443,CW0034,69,Reporter states child appeared disheveled and hungry at school. Child reported parent unable to be reached. Family has no prior ACS involvement.,Unfounded
SCR000037,FAM00244,2022-07-24,Bronx,1,Unknown,Domestic Violence Exposure,Anonymous,0.241,CW0057,40,Reporter states child appeared disheveled and hungry at school. Child reported parent unable to be reached. Family has no prior ACS involvement.,Substantiated
SCR000038,FAM00505,2021-11-15,Bronx,17,Black/African American,Neglect - Inadequate Food/Clothing/Shelter,School/Educational Staff,0.312,CW0003,76,Medical staff observed bruising on arms during routine checkup. Child disclosed hitting at home. Prior ACS history: one prior report in 2022 unsubstantiated.,Unsubstantiated
SCR000039,FAM00131,2022-03-17,Queens,7,White,Physical Abuse,Shelter Staff,0.309,CW0006,60,Anonymous caller reports child left alone overnight. Unable to verify no food in home. Two prior substantiated reports.,Unsubstantiated
SCR000040,FAM00485,2022-11-21,Manhattan,8,Black/African American,Neglect - Educational,Hospital/Medical,0.347,CW0048,69,Shelter staff reports child not attending school regularly. Family has been in shelter for 2 months. Caregiver appeared intoxicated.,Unsubstantiated
SCR000041,FAM00647,2021-07-29,Bronx,0,Unknown,Neglect - Inadequate Supervision,Law Enforcement,0.339,CW0064,42,Shelter staff reports child not attending school regularly. Family has been in shelter for 2 months. Caregiver appeared intoxicated.,Unfounded
SCR000042,FAM00021,2021-07-09,Queens,11,Hispanic/Latino,Neglect - Educational,School/Educational Staff,0.25,CW0013,47,Reporter states child appeared disheveled and hungry at school. Child reported parent unable to be reached. Family has no prior ACS involvement.,Unsubstantiated
SCR000043,FAM00167,2023-02-18,Queens,2,White,Physical Abuse,School/Educational Staff,0.374,CW0036,51,Anonymous caller reports child left alone overnight. Unable to verify no food in home. Two prior substantiated reports.,Substantiated
SCR000044,FAM00274,2021-07-18,Queens,15,Black/African American,Neglect - Medical,Family Member,0.092,CW0079,46,Neighbor reports child unsupervised for extended periods. Child seen left alone overnight. Family known to shelter system.,Substantiated
SCR000045,FAM00388,2023-01-06,Queens,2,Hispanic/Latino,Physical Abuse,School/Educational Staff,0.29,CW0070,67,Shelter staff reports child not attending school regularly. Family has been in shelter for 2 months. Caregiver appeared intoxicated.,Unfounded
SCR000046,FAM00601,2022-12-06,Bronx,2,Black/African American,Neglect - Educational,Shelter Staff,0.13,CW0033,54,Reporter states child appeared disheveled and hungry at school. Child reported parent unable to be reached. Family has no prior ACS involvement.,Substantiated
SCR000047,FAM00316,2024-05-21,Manhattan,0,Black/African American,Neglect - Inadequate Supervision,School/Educational Staff,0.268,CW0076,61,Medical staff observed bruising on arms during routine checkup. Child disclosed hitting at home. Prior ACS history: one prior report in 2022 unsubstantiated.,Substantiated
SCR000048,FAM00014,2022-06-26,Brooklyn,6,Multiracial,Neglect - Inadequate Food/Clothing/Shelter,School/Educational Staff,0.285,CW0057,44,Law enforcement responded to domestic incident. Child present during excessive absences. Child has not seen doctor in over a year.,Unsubstantiated
SCR000049,FAM00242,2021-03-30,Queens,8,Multiracial,Neglect - Inadequate Supervision,School/Educational Staff,0.379,CW0055,42,Shelter staff reports child not attending school regularly. Family has been in shelter for 2 months. Caregiver appeared intoxicated.,Substantiated
SCR000050,FAM00346,2023-07-30,Manhattan,0,Asian,Sexual Abuse,School/Educational Staff,0.33,CW0013,55,Anonymous caller reports child left alone overnight. Unable to verify no food in home. Two prior substantiated reports.,Unsubstantiated
SCR000051,FAM00565,2024-01-04,Queens,12,Hispanic/Latino,Emotional Abuse,Family Member,0.178,CW0051,79,Law enforcement responded to domestic incident. Child present during excessive absences. Child has not seen doctor in over a year.,Unfounded
SCR000052,FAM00340,2021-09-13,Manhattan,6,White,Physical Abuse,Hospital/Medical,0.473,CW0053,40,Neighbor reports child unsupervised for extended periods. Child seen left alone overnight. Family known to shelter system.,Substantiated
SCR000053,FAM00092,2023-02-15,Bronx,7,Black/African American,Neglect - Inadequate Supervision,Neighbor/Community,0.181,CW0036,42,Medical staff observed bruising on arms during routine checkup. Child disclosed hitting at home. Prior ACS history: one prior report in 2022 unsubstantiated.,Unsubstantiated
SCR000054,FAM00367,2021-06-11,Brooklyn,6,Black/African American,Neglect - Inadequate Supervision,Law Enforcement,0.382,CW0005,62,Shelter staff reports child not attending school regularly. Family has been in shelter for 2 months. Caregiver appeared intoxicated.,Unfounded
SCR000055,FAM00455,2024-02-05,Staten Island,5,Black/African American,Neglect - Educational,Hospital/Medical,0.36,CW0025,79,Law enforcement responded to domestic incident. Child present during excessive absences. Child has not seen doctor in over a year.,Unsubstantiated
SCR000056,FAM00428,2022-08-24,Queens,8,Hispanic/Latino,Neglect - Inadequate Supervision,Law Enforcement,0.33,CW0037,66,Anonymous caller reports child left alone overnight. Unable to verify no food in home. Two prior substantiated reports.,Unfounded
SCR000057,FAM00509,2024-07-11,Bronx,1,Black/African American,Neglect - Inadequate Supervision,Shelter Staff,0.239,CW0019,67,Law enforcement responded to domestic incident. Child present during excessive absences. Child has not seen doctor in over a year.,Unfounded
SCR000058,FAM00035,2024-06-20,Bronx,2,Black/African American,Physical Abuse,Daycare/Childcare,0.352,CW0035,30,Reporter states child appeared disheveled and hungry at school. Child reported parent unable to be reached. Family has no prior ACS involvement.,Substantiated
SCR000059,FAM00206,2023-01-11,Bronx,14,Hispanic/Latino,Physical Abuse,Hospital/Medical,0.424,CW0034,68,Law enforcement responded to domestic incident. Child present during excessive absences. Child has not seen doctor in over a year.,Unsubstantiated
SCR000060,FAM00081,2024-03-28,Manhattan,16,White,Neglect - Educational,Hospital/Medical,0.497,CW0054,56,Neighbor reports child unsupervised for extended periods. Child seen left alone overnight. Family known to shelter system.,Unsubstantiated
SCR000061,FAM00562,2022-01-29,Queens,5,Hispanic/Latino,Neglect - Inadequate Supervision,Family Member,0.239,CW0046,65,Law enforcement responded to domestic incident. Child present during excessive absences. Child has not seen doctor in over a year.,Unfounded
SCR000062,FAM00388,2024-12-13,Bronx,3,Black/African American,Neglect - Educational,Neighbor/Community,0.045,CW0006,61,Neighbor reports child unsupervised for extended periods. Child seen left alone overnight. Family known to shelter system.,Still Open
SCR000063,FAM00002,2021-05-23,Brooklyn,9,Black/African American,Neglect - Educational,Family Member,0.233,CW0001,70,Neighbor reports child unsupervised for extended periods. Child seen left alone overnight. Family known to shelter system.,Unsubstantiated
SCR000064,FAM00390,2021-04-04,Queens,5,Black/African American,Emotional Abuse,Hospital/Medical,0.347,CW0071,44,Anonymous caller reports child left alone overnight. Unable to verify no food in home. Two prior substantiated reports.,Unsubstantiated
SCR000065,FAM00566,2024-09-16,Manhattan,0,Black/African American,Neglect - Educational,Anonymous,0.092,CW0034,60,Reporter states child appeared disheveled and hungry at school. Child reported parent unable to be reached. Family has no prior ACS involvement.,Unsubstantiated
SCR000066,FAM00106,2022-04-12,Brooklyn,1,Hispanic/Latino,Neglect - Inadequate Supervision,Shelter Staff,0.239,CW0056,35,Medical staff observed bruising on arms during routine checkup. Child disclosed hitting at home. Prior ACS history: one prior report in 2022 unsubstantiated.,Unfounded
SCR000067,FAM00477,2022-08-16,Manhattan,11,Hispanic/Latino,Neglect - Educational,Shelter Staff,0.247,CW0026,54,Neighbor reports child unsupervised for extended periods. Child seen left alone overnight. Family known to shelter system.,Unsubstantiated
SCR000068,FAM00402,2021-06-13,Brooklyn,9,Hispanic/Latino,Sexual Abuse,School/Educational Staff,0.241,CW0042,78,Law enforcement responded to domestic incident. Child present during excessive absences. Child has not seen doctor in over a year.,Unsubstantiated
SCR000069,FAM00556,2022-04-22,Bronx,0,Black/African American,Neglect - Inadequate Food/Clothing/Shelter,Law Enforcement,0.39,CW0038,47,Anonymous caller reports child left alone overnight. Unable to verify no food in home. Two prior substantiated reports.,Substantiated
SCR000070,FAM00162,2021-07-26,Brooklyn,2,White,Neglect - Inadequate Supervision,School/Educational Staff,0.239,CW0026,51,Law enforcement responded to domestic incident. Child present during excessive absences. Child has not seen doctor in over a year.,Unsubstantiated
SCR000071,FAM00202,2023-02-18,Manhattan,3,Black/African American,Neglect - Inadequate Food/Clothing/Shelter,Hospital/Medical,0.438,CW0059,60,Neighbor reports child unsupervised for extended periods. Child seen left alone overnight. Family known to shelter system.,Unfounded
SCR000072,FAM00270,2022-07-24,Queens,10,Hispanic/Latino,Physical Abuse,Anonymous,0.252,CW0024,65,Anonymous caller reports child left alone overnight. Unable to verify no food in home. Two prior substantiated reports.,Unsubstantiated
SCR000073,FAM00271,2023-07-18,Manhattan,0,White,Domestic Violence Exposure,School/Educational Staff,0.244,CW0021,38,Law enforcement responded to domestic incident. Child present during excessive absences. Child has not seen doctor in over a year.,Unsubstantiated
SCR000074,FAM00456,2024-07-25,Queens,1,Black/African American,Neglect - Inadequate Supervision,School/Educational Staff,0.296,CW0060,75,Shelter staff reports child not attending school regularly. Family has been in shelter for 2 months. Caregiver appeared intoxicated.,Unsubstantiated
SCR000075,FAM00462,2023-01-18,Bronx,12,Black/African American,Neglect - Medical,School/Educational Staff,0.184,CW0020,32,Reporter states child appeared disheveled and hungry at school. Child reported parent unable to be reached. Family has no prior ACS involvement.,Unsubstantiated
SCR000076,FAM00252,2021-11-30,Brooklyn,2,Asian,Neglect - Medical,Neighbor/Community,0.165,CW0006,62,Law enforcement responded to domestic incident. Child present during excessive absences. Child has not seen doctor in over a year.,Unsubstantiated
SCR000077,FAM00296,2023-01-29,Bronx,9,Black/African American,Neglect - Medical,Shelter Staff,0.312,CW0067,56,Reporter states child appeared disheveled and hungry at school. Child reported parent unable to be reached. Family has no prior ACS involvement.,Unsubstantiated
SCR000078,FAM00338,2022-12-29,Bronx,3,Hispanic/Latino,Physical Abuse,Hospital/Medical,0.456,CW0010,72,Neighbor reports child unsupervised for extended periods. Child seen left alone overnight. Family known to shelter system.,Unsubstantiated
SCR000079,FAM00053,2022-03-06,Manhattan,1,Black/African American,Physical Abuse,Anonymous,0.144,CW0012,30,Neighbor reports child unsupervised for extended periods. Child seen left alone overnight. Family known to shelter system.,Unfounded
SCR000080,FAM00217,2024-10-04,Staten Island,3,Hispanic/Latino,Neglect - Inadequate Supervision,Anonymous,0.184,CW0022,73,Neighbor reports child unsupervised for extended periods. Child seen left alone overnight. Family known to shelter system.,Unsubstantiated
SCR000081,FAM00188,2022-07-01,Bronx,11,Black/African American,Emotional Abuse,Hospital/Medical,0.547,CW0062,38,Reporter states child appeared disheveled and hungry at school. Child reported parent unable to be reached. Family has no prior ACS involvement.,Unfounded
SCR000082,FAM00380,2024-12-08,Brooklyn,14,Black/African American,Neglect - Inadequate Food/Clothing/Shelter,Daycare/Childcare,0.436,CW0061,34,Law enforcement responded to domestic incident. Child present during excessive absences. Child has not seen doctor in over a year.,Substantiated
SCR000083,FAM00493,2024-10-31,Queens,13,Hispanic/Latino,Physical Abuse,Anonymous,0.114,CW0017,44,Shelter staff reports child not attending school regularly. Family has been in shelter for 2 months. Caregiver appeared intoxicated.,Unsubstantiated
SCR000084,FAM00041,2024-08-20,Bronx,5,Black/African American,Neglect - Inadequate Food/Clothing/Shelter,Law Enforcement,0.307,CW0010,79,Reporter states child appeared disheveled and hungry at school. Child reported parent unable to be reached. Family has no prior ACS involvement.,Unsubstantiated
SCR000085,FAM00157,2021-05-27,Brooklyn,10,Hispanic/Latino,Physical Abuse,School/Educational Staff,0.29,CW0012,38,Anonymous caller reports child left alone overnight. Unable to verify no food in home. Two prior substantiated reports.,Substantiated
SCR000086,FAM00015,2024-06-01,Manhattan,2,Black/African American,Emotional Abuse,Family Member,0.173,CW0040,74,Shelter staff reports child not attending school regularly. Family has been in shelter for 2 months. Caregiver appeared intoxicated.,Unsubstantiated
SCR000087,FAM00065,2024-07-24,Manhattan,3,Black/African American,Neglect - Educational,Shelter Staff,0.303,CW0023,57,Law enforcement responded to domestic incident. Child present during excessive absences. Child has not seen doctor in over a year.,Unsubstantiated
SCR000088,FAM00521,2021-12-17,Bronx,15,Black/African American,Sexual Abuse,Hospital/Medical,0.361,CW0040,42,Law enforcement responded to domestic incident. Child present during excessive absences. Child has not seen doctor in over a year.,Still Open
SCR000089,FAM00344,2023-12-30,Brooklyn,0,Black/African American,Neglect - Inadequate Food/Clothing/Shelter,Hospital/Medical,0.416,CW0074,53,Reporter states child appeared disheveled and hungry at school. Child reported parent unable to be reached. Family has no prior ACS involvement.,Substantiated
SCR000090,FAM00129,2022-05-17,Queens,1,Multiracial,Sexual Abuse,School/Educational Staff,0.352,CW0074,74,Medical staff observed bruising on arms during routine checkup. Child disclosed hitting at home. Prior ACS history: one prior report in 2022 unsubstantiated.,Substantiated
SCR000091,FAM00648,2021-12-01,Brooklyn,2,Black/African American,Neglect - Inadequate Food/Clothing/Shelter,School/Educational Staff,0.305,CW0050,39,Shelter staff reports child not attending school regularly. Family has been in shelter for 2 months. Caregiver appeared intoxicated.,Still Open
SCR000092,FAM00472,2023-08-05,Bronx,0,Hispanic/Latino,Neglect - Inadequate Supervision,Anonymous,0.093,CW0010,71,Neighbor reports child unsupervised for extended periods. Child seen left alone overnight. Family known to shelter system.,Unsubstantiated
SCR000093,FAM00063,2023-02-17,Queens,2,Black/African American,Neglect - Medical,School/Educational Staff,0.369,CW0004,51,Shelter staff reports child not attending school regularly. Family has been in shelter for 2 months. Caregiver appeared intoxicated.,Still Open
SCR000094,FAM00139,2022-07-07,Bronx,8,Black/African American,Neglect - Inadequate Supervision,Hospital/Medical,0.326,CW0001,68,Law enforcement responded to domestic incident. Child present during excessive absences. Child has not seen doctor in over a year.,Unsubstantiated
SCR000095,FAM00499,2024-08-03,Manhattan,5,Multiracial,Sexual Abuse,Shelter Staff,0.264,CW0043,51,Anonymous caller reports child left alone overnight. Unable to verify no food in home. Two prior substantiated reports.,Unfounded
SCR000096,FAM00593,2024-11-10,Bronx,15,Black/African American,Neglect - Inadequate Food/Clothing/Shelter,School/Educational Staff,0.308,CW0005,66,Law enforcement responded to domestic incident. Child present during excessive absences. Child has not seen doctor in over a year.,Substantiated
SCR000097,FAM00392,2024-02-15,Staten Island,13,Unknown,Neglect - Inadequate Food/Clothing/Shelter,Social Service Provider,0.331,CW0034,68,Reporter states child appeared disheveled and hungry at school. Child reported parent unable to be reached. Family has no prior ACS involvement.,Unfounded
SCR000098,FAM00419,2022-03-26,Brooklyn,4,Black/African American,Neglect - Inadequate Supervision,School/Educational Staff,0.319,CW0066,49,Medical staff observed bruising on arms during routine checkup. Child disclosed hitting at home. Prior ACS history: one prior report in 2022 unsubstantiated.,Unsubstantiated
SCR000099,FAM00289,2024-11-03,Brooklyn,3,White,Neglect - Inadequate Food/Clothing/Shelter,Hospital/Medical,0.451,CW0024,39,Neighbor reports child unsupervised for extended periods. Child seen left alone overnight. Family known to shelter system.,Unfounded
SCR000100,FAM00379,2022-10-27,Bronx,5,Hispanic/Latino,Neglect - Inadequate Supervision,Hospital/Medical,0.418,CW0014,39,Shelter staff reports child not attending school regularly. Family has been in shelter for 2 months. Caregiver appeared intoxicated.,Still Open
SCR000101,FAM00490,2021-04-25,Brooklyn,8,Asian,Neglect - Educational,School/Educational Staff,0.292,CW0041,55,Medical staff observed bruising on arms during routine checkup. Child disclosed hitting at home. Prior ACS history: one prior report in 2022 unsubstantiated.,Substantiated
SCR000102,FAM00231,2022-04-15,Queens,3,Hispanic/Latino,Neglect - Inadequate Supervision,School/Educational Staff,0.29,CW0042,54,Neighbor reports child unsupervised for extended periods. Child seen left alone overnight. Family known to shelter system.,Unsubstantiated
SCR000103,FAM00041,2021-03-07,Staten Island,9,Hispanic/Latino,Neglect - Educational,Daycare/Childcare,0.319,CW0013,57,Law enforcement responded to domestic incident. Child present during excessive absences. Child has not seen doctor in over a year.,Unsubstantiated
SCR000104,FAM00028,2022-10-09,Brooklyn,5,Black/African American,Domestic Violence Exposure,Neighbor/Community,0.219,CW0029,42,Anonymous caller reports child left alone overnight. Unable to verify no food in home. Two prior substantiated reports.,Unfounded
SCR000105,FAM00135,2023-04-02,Brooklyn,8,Black/African American,Domestic Violence Exposure,School/Educational Staff,0.278,CW0065,44,Law enforcement responded to domestic incident. Child present during excessive absences. Child has not seen doctor in over a year.,Substantiated
SCR000106,FAM00201,2022-07-03,Manhattan,6,Multiracial,Neglect - Inadequate Supervision,Law Enforcement,0.422,CW0046,35,Reporter states child appeared disheveled and hungry at school. Child reported parent unable to be reached. Family has no prior ACS involvement.,Unsubstantiated
SCR000107,FAM00033,2021-05-16,Queens,3,Black/African American,Physical Abuse,Daycare/Childcare,0.351,CW0034,41,Reporter states child appeared disheveled and hungry at school. Child reported parent unable to be reached. Family has no prior ACS involvement.,Unsubstantiated
SCR000108,FAM00048,2022-03-09,Manhattan,16,Black/African American,Neglect - Inadequate Supervision,Anonymous,0.114,CW0063,48,Anonymous caller reports child left alone overnight. Unable to verify no food in home. Two prior substantiated reports.,Unsubstantiated
SCR000109,FAM00503,2024-03-07,Brooklyn,12,White,Physical Abuse,Hospital/Medical,0.451,CW0004,61,Shelter staff reports child not attending school regularly. Family has been in shelter for 2 months. Caregiver appeared intoxicated.,Substantiated
SCR000110,FAM00407,2022-10-07,Brooklyn,1,Black/African American,Emotional Abuse,Hospital/Medical,0.384,CW0028,40,Medical staff observed bruising on arms during routine checkup. Child disclosed hitting at home. Prior ACS history: one prior report in 2022 unsubstantiated.,Substantiated
SCR000111,FAM00574,2022-03-12,Manhattan,14,Unknown,Neglect - Medical,Hospital/Medical,0.452,CW0001,67,Anonymous caller reports child left alone overnight. Unable to verify no food in home. Two prior substantiated reports.,Unsubstantiated
SCR000112,FAM00099,2024-09-04,Bronx,6,White,Neglect - Inadequate Supervision,Daycare/Childcare,0.361,CW0036,62,Medical staff observed bruising on arms during routine checkup. Child disclosed hitting at home. Prior ACS history: one prior report in 2022 unsubstantiated.,Unsubstantiated
SCR000113,FAM00547,2023-10-20,Manhattan,15,Hispanic/Latino,Emotional Abuse,Anonymous,0.11,CW0013,31,Neighbor reports child unsupervised for extended periods. Child seen left alone overnight. Family known to shelter system.,Still Open
SCR000114,FAM00613,2023-03-22,Brooklyn,12,Asian,Neglect - Inadequate Supervision,School/Educational Staff,0.336,CW0005,44,Shelter staff reports child not attending school regularly. Family has been in shelter for 2 months. Caregiver appeared intoxicated.,Unsubstantiated
SCR000115,FAM00462,2024-08-09,Queens,5,Black/African American,Domestic Violence Exposure,Hospital/Medical,0.447,CW0014,65,Reporter states child appeared disheveled and hungry at school. Child reported parent unable to be reached. Family has no prior ACS involvement.,Unsubstantiated
SCR000116,FAM00643,2023-07-29,Bronx,0,Black/African American,Neglect - Educational,Family Member,0.278,CW0032,34,Shelter staff reports child not attending school regularly. Family has been in shelter for 2 months. Caregiver appeared intoxicated.,Unsubstantiated
SCR000117,FAM00005,2021-10-20,Manhattan,3,Hispanic/Latino,Physical Abuse,Anonymous,0.188,CW0050,44,Law enforcement responded to domestic incident. Child present during excessive absences. Child has not seen doctor in over a year.,Unsubstantiated
SCR000118,FAM00218,2022-06-27,Brooklyn,7,Black/African American,Physical Abuse,Social Service Provider,0.355,CW0027,72,Reporter states child appeared disheveled and hungry at school. Child reported parent unable to be reached. Family has no prior ACS involvement.,Unfounded
SCR000119,FAM00503,2021-10-13,Manhattan,9,White,Physical Abuse,Daycare/Childcare,0.294,CW0035,39,Medical staff observed bruising on arms during routine checkup. Child disclosed hitting at home. Prior ACS history: one prior report in 2022 unsubstantiated.,Substantiated
SCR000120,FAM00398,2022-05-21,Bronx,3,Multiracial,Neglect - Educational,Hospital/Medical,0.542,CW0003,46,Reporter states child appeared disheveled and hungry at school. Child reported parent unable to be reached. Family has no prior ACS involvement.,Unfounded
SCR000121,FAM00393,2024-02-24,Brooklyn,1,Hispanic/Latino,Neglect - Medical,Law Enforcement,0.31,CW0004,63,Law enforcement responded to domestic incident. Child present during excessive absences. Child has not seen doctor in over a year.,Unsubstantiated
SCR000122,FAM00207,2024-01-09,Brooklyn,13,Black/African American,Neglect - Educational,Law Enforcement,0.427,CW0007,53,Reporter states child appeared disheveled and hungry at school. Child reported parent unable to be reached. Family has no prior ACS involvement.,Unfounded
SCR000123,FAM00015,2022-06-23,Brooklyn,17,Unknown,Physical Abuse,School/Educational Staff,0.332,CW0077,39,Anonymous caller reports child left alone overnight. Unable to verify no food in home. Two prior substantiated reports.,Substantiated
SCR000124,FAM00554,2024-04-12,Manhattan,7,Hispanic/Latino,Neglect - Inadequate Supervision,Shelter Staff,0.221,CW0003,59,Medical staff observed bruising on arms during routine checkup. Child disclosed hitting at home. Prior ACS history: one prior report in 2022 unsubstantiated.,Unsubstantiated
SCR000125,FAM00461,2023-05-28,Manhattan,2,Hispanic/Latino,Neglect - Inadequate Supervision,Daycare/Childcare,0.344,CW0059,32,Law enforcement responded to domestic incident. Child present during excessive absences. Child has not seen doctor in over a year.,Unsubstantiated
SCR000126,FAM00575,2024-04-10,Queens,3,Black/African American,Neglect - Inadequate Food/Clothing/Shelter,School/Educational Staff,0.306,CW0074,66,Anonymous caller reports child left alone overnight. Unable to verify no food in home. Two prior substantiated reports.,Substantiated
SCR000127,FAM00241,2023-03-29,Bronx,0,Multiracial,Neglect - Inadequate Supervision,Anonymous,0.205,CW0001,32,Neighbor reports child unsupervised for extended periods. Child seen left alone overnight. Family known to shelter system.,Unfounded
SCR000128,FAM00564,2023-01-12,Queens,15,Hispanic/Latino,Neglect - Educational,Law Enforcement,0.344,CW0028,69,Shelter staff reports child not attending school regularly. Family has been in shelter for 2 months. Caregiver appeared intoxicated.,Unsubstantiated
SCR000129,FAM00096,2022-03-26,Brooklyn,1,White,Neglect - Educational,Neighbor/Community,0.167,CW0059,34,Anonymous caller reports child left alone overnight. Unable to verify no food in home. Two prior substantiated reports.,Still Open
SCR000130,FAM00485,2021-10-11,Bronx,8,White,Neglect - Inadequate Supervision,School/Educational Staff,0.193,CW0053,57,Neighbor reports child unsupervised for extended periods. Child seen left alone overnight. Family known to shelter system.,Substantiated
SCR000131,FAM00407,2023-11-10,Bronx,3,Black/African American,Emotional Abuse,School/Educational Staff,0.397,CW0010,73,Law enforcement responded to domestic incident. Child present during excessive absences. Child has not seen doctor in over a year.,Unfounded
SCR000132,FAM00231,2023-10-08,Brooklyn,8,Hispanic/Latino,Neglect - Medical,Law Enforcement,0.326,CW0071,43,Law enforcement responded to domestic incident. Child present during excessive absences. Child has not seen doctor in over a year.,Substantiated
SCR000133,FAM00171,2021-07-06,Queens,9,White,Neglect - Educational,Hospital/Medical,0.436,CW0003,68,Law enforcement responded to domestic incident. Child present during excessive absences. Child has not seen doctor in over a year.,Unsubstantiated
SCR000134,FAM00541,2021-04-07,Manhattan,13,Black/African American,Neglect - Inadequate Supervision,Daycare/Childcare,0.345,CW0007,40,Medical staff observed bruising on arms during routine checkup. Child disclosed hitting at home. Prior ACS history: one prior report in 2022 unsubstantiated.,Unsubstantiated
SCR000135,FAM00036,2021-08-13,Queens,2,White,Neglect - Educational,Daycare/Childcare,0.345,CW0009,37,Law enforcement responded to domestic incident. Child present during excessive absences. Child has not seen doctor in over a year.,Unsubstantiated
SCR000136,FAM00525,2021-11-10,Brooklyn,0,Unknown,Neglect - Educational,School/Educational Staff,0.35,CW0069,66,Shelter staff reports child not attending school regularly. Family has been in shelter for 2 months. Caregiver appeared intoxicated.,Unfounded
SCR000137,FAM00160,2024-07-09,Brooklyn,1,Hispanic/Latino,Physical Abuse,Shelter Staff,0.364,CW0013,37,Medical staff observed bruising on arms during routine checkup. Child disclosed hitting at home. Prior ACS history: one prior report in 2022 unsubstantiated.,Substantiated
SCR000138,FAM00243,2021-11-24,Bronx,15,White,Physical Abuse,Shelter Staff,0.293,CW0040,41,Law enforcement responded to domestic incident. Child present during excessive absences. Child has not seen doctor in over a year.,Substantiated
SCR000139,FAM00086,2024-10-25,Brooklyn,14,White,Neglect - Educational,Hospital/Medical,0.453,CW0062,44,Medical staff observed bruising on arms during routine checkup. Child disclosed hitting at home. Prior ACS history: one prior report in 2022 unsubstantiated.,Unsubstantiated
SCR000140,FAM00578,2023-05-15,Brooklyn,8,White,Neglect - Inadequate Supervision,Neighbor/Community,0.196,CW0062,48,Shelter staff reports child not attending school regularly. Family has been in shelter for 2 months. Caregiver appeared intoxicated.,Unfounded
SCR000141,FAM00557,2024-05-06,Bronx,8,Hispanic/Latino,Neglect - Educational,Anonymous,0.191,CW0010,77,Shelter staff reports child not attending school regularly. Family has been in shelter for 2 months. Caregiver appeared intoxicated.,Substantiated
SCR000142,FAM00574,2021-05-11,Bronx,10,Black/African American,Sexual Abuse,Daycare/Childcare,0.327,CW0011,75,Anonymous caller reports child left alone overnight. Unable to verify no food in home. Two prior substantiated reports.,Unfounded
SCR000143,FAM00646,2023-02-28,Manhattan,2,Hispanic/Latino,Domestic Violence Exposure,Daycare/Childcare,0.404,CW0076,57,Medical staff observed bruising on arms during routine checkup. Child disclosed hitting at home. Prior ACS history: one prior report in 2022 unsubstantiated.,Substantiated
SCR000144,FAM00028,2023-02-21,Manhattan,15,Hispanic/Latino,Neglect - Educational,Shelter Staff,0.336,CW0062,36,Reporter states child appeared disheveled and hungry at school. Child reported parent unable to be reached. Family has no prior ACS involvement.,Substantiated
SCR000145,FAM00620,2024-05-05,Staten Island,5,Hispanic/Latino,Neglect - Inadequate Supervision,Family Member,0.274,CW0077,69,Neighbor reports child unsupervised for extended periods. Child seen left alone overnight. Family known to shelter system.,Substantiated
SCR000146,FAM00556,2023-08-17,Queens,5,White,Sexual Abuse,Daycare/Childcare,0.317,CW0056,36,Law enforcement responded to domestic incident. Child present during excessive absences. Child has not seen doctor in over a year.,Unsubstantiated
SCR000147,FAM00340,2023-12-20,Manhattan,7,Black/African American,Neglect - Medical,Daycare/Childcare,0.342,CW0049,59,Neighbor reports child unsupervised for extended periods. Child seen left alone overnight. Family known to shelter system.,Unfounded
SCR000148,FAM00331,2022-05-30,Brooklyn,0,Hispanic/Latino,Neglect - Inadequate Supervision,Family Member,0.232,CW0016,47,Shelter staff reports child not attending school regularly. Family has been in shelter for 2 months. Caregiver appeared intoxicated.,Still Open
SCR000149,FAM00640,2024-02-08,Manhattan,2,Black/African American,Neglect - Educational,School/Educational Staff,0.241,CW0073,53,Neighbor reports child unsupervised for extended periods. Child seen left alone overnight. Family known to shelter system.,Substantiated
SCR000150,FAM00506,2021-01-24,Queens,11,White,Neglect - Educational,Anonymous,0.22,CW0074,35,Reporter states child appeared disheveled and hungry at school. Child reported parent unable to be reached. Family has no prior ACS involvement.,Unfounded
SCR000151,FAM00348,2024-10-25,Bronx,1,Hispanic/Latino,Neglect - Inadequate Food/Clothing/Shelter,School/Educational Staff,0.309,CW0009,33,Neighbor reports child unsupervised for extended periods. Child seen left alone overnight. Family known to shelter system.,Unsubstantiated
SCR000152,FAM00473,2021-08-23,Brooklyn,8,Black/African American,Neglect - Inadequate Supervision,Hospital/Medical,0.434,CW0033,32,Anonymous caller reports child left alone overnight. Unable to verify no food in home. Two prior substantiated reports.,Substantiated
SCR000153,FAM00231,2024-10-28,Queens,3,Black/African American,Neglect - Educational,Hospital/Medical,0.391,CW0035,78,Neighbor reports child unsupervised for extended periods. Child seen left alone overnight. Family known to shelter system.,Substantiated
SCR000154,FAM00190,2024-01-05,Brooklyn,5,White,Neglect - Inadequate Food/Clothing/Shelter,Social Service Provider,0.264,CW0075,76,Shelter staff reports child not attending school regularly. Family has been in shelter for 2 months. Caregiver appeared intoxicated.,Substantiated
SCR000155,FAM00225,2022-07-01,Brooklyn,3,Hispanic/Latino,Neglect - Educational,Anonymous,0.11,CW0039,35,Shelter staff reports child not attending school regularly. Family has been in shelter for 2 months. Caregiver appeared intoxicated.,Unfounded
SCR000156,FAM00385,2024-08-05,Manhattan,4,Black/African American,Emotional Abuse,Daycare/Childcare,0.361,CW0077,55,Anonymous caller reports child left alone overnight. Unable to verify no food in home. Two prior substantiated reports.,Still Open
SCR000157,FAM00377,2022-11-28,Bronx,11,Unknown,Neglect - Inadequate Supervision,Daycare/Childcare,0.384,CW0025,73,Law enforcement responded to domestic incident. Child present during excessive absences. Child has not seen doctor in over a year.,Substantiated
SCR000158,FAM00283,2021-08-17,Brooklyn,3,White,Neglect - Educational,Shelter Staff,0.288,CW0056,67,Medical staff observed bruising on arms during routine checkup. Child disclosed hitting at home. Prior ACS history: one prior report in 2022 unsubstantiated.,Unsubstantiated
SCR000159,FAM00633,2022-08-25,Brooklyn,8,Unknown,Neglect - Inadequate Food/Clothing/Shelter,Neighbor/Community,0.197,CW0048,40,Law enforcement responded to domestic incident. Child present during excessive absences. Child has not seen doctor in over a year.,Unsubstantiated
SCR000160,FAM00628,2023-06-10,Bronx,6,Hispanic/Latino,Neglect - Inadequate Supervision,Shelter Staff,0.263,CW0010,58,Shelter staff reports child not attending school regularly. Family has been in shelter for 2 months. Caregiver appeared intoxicated.,Unsubstantiated
SCR000161,FAM00259,2021-11-20,Bronx,10,Hispanic/Latino,Domestic Violence Exposure,Hospital/Medical,0.445,CW0041,49,Law enforcement responded to domestic incident. Child present during excessive absences. Child has not seen doctor in over a year.,Substantiated
SCR000162,FAM00359,2023-07-19,Queens,16,Multiracial,Neglect - Inadequate Food/Clothing/Shelter,School/Educational Staff,0.384,CW0059,39,Neighbor reports child unsupervised for extended periods. Child seen left alone overnight. Family known to shelter system.,Unsubstantiated
SCR000163,FAM00456,2021-01-07,Bronx,11,Hispanic/Latino,Neglect - Inadequate Supervision,Anonymous,0.175,CW0028,55,Neighbor reports child unsupervised for extended periods. Child seen left alone overnight. Family known to shelter system.,Substantiated
SCR000164,FAM00411,2022-06-24,Brooklyn,2,White,Physical Abuse,Daycare/Childcare,0.39,CW0041,77,Shelter staff reports child not attending school regularly. Family has been in shelter for 2 months. Caregiver appeared intoxicated.,Unsubstantiated
SCR000165,FAM00649,2023-10-23,Bronx,0,Black/African American,Neglect - Inadequate Supervision,Hospital/Medical,0.435,CW0066,56,Shelter staff reports child not attending school regularly. Family has been in shelter for 2 months. Caregiver appeared intoxicated.,Substantiated
SCR000166,FAM00318,2022-01-01,Staten Island,3,Hispanic/Latino,Neglect - Medical,School/Educational Staff,0.235,CW0051,79,Law enforcement responded to domestic incident. Child present during excessive absences. Child has not seen doctor in over a year.,Unsubstantiated
SCR000167,FAM00225,2023-11-06,Bronx,8,Black/African American,Neglect - Inadequate Supervision,Anonymous,0.088,CW0062,43,Law enforcement responded to domestic incident. Child present during excessive absences. Child has not seen doctor in over a year.,Substantiated
SCR000168,FAM00234,2021-08-06,Brooklyn,0,Black/African American,Neglect - Inadequate Food/Clothing/Shelter,School/Educational Staff,0.333,CW0030,65,Neighbor reports child unsupervised for extended periods. Child seen left alone overnight. Family known to shelter system.,Still Open
SCR000169,FAM00374,2024-07-04,Queens,7,Black/African American,Neglect - Educational,Daycare/Childcare,0.349,CW0040,41,Medical staff observed bruising on arms during routine checkup. Child disclosed hitting at home. Prior ACS history: one prior report in 2022 unsubstantiated.,Unfounded
SCR000170,FAM00608,2022-09-04,Queens,8,Black/African American,Neglect - Inadequate Food/Clothing/Shelter,Social Service Provider,0.352,CW0040,52,Anonymous caller reports child left alone overnight. Unable to verify no food in home. Two prior substantiated reports.,Substantiated
SCR000171,FAM00472,2024-08-01,Bronx,4,Unknown,Sexual Abuse,Hospital/Medical,0.504,CW0069,50,Medical staff observed bruising on arms during routine checkup. Child disclosed hitting at home. Prior ACS history: one prior report in 2022 unsubstantiated.,Substantiated
SCR000172,FAM00233,2023-11-06,Queens,12,Black/African American,Emotional Abuse,School/Educational Staff,0.346,CW0062,37,Shelter staff reports child not attending school regularly. Family has been in shelter for 2 months. Caregiver appeared intoxicated.,Unfounded
SCR000173,FAM00113,2024-06-01,Brooklyn,1,Hispanic/Latino,Neglect - Inadequate Supervision,Daycare/Childcare,0.413,CW0015,68,Law enforcement responded to domestic incident. Child present during excessive absences. Child has not seen doctor in over a year.,Substantiated
SCR000174,FAM00497,2022-02-12,Brooklyn,0,White,Neglect - Inadequate Supervision,Anonymous,0.145,CW0003,38,Medical staff observed bruising on arms during routine checkup. Child disclosed hitting at home. Prior ACS history: one prior report in 2022 unsubstantiated.,Unsubstantiated
SCR000175,FAM00442,2021-11-10,Bronx,11,Hispanic/Latino,Emotional Abuse,Shelter Staff,0.24,CW0024,53,Law enforcement responded to domestic incident. Child present during excessive absences. Child has not seen doctor in over a year.,Unfounded
SCR000176,FAM00564,2023-02-05,Bronx,7,Black/African American,Neglect - Medical,Neighbor/Community,0.177,CW0041,60,Reporter states child appeared disheveled and hungry at school. Child reported parent unable to be reached. Family has no prior ACS involvement.,Still Open
SCR000177,FAM00268,2021-11-27,Manhattan,10,White,Neglect - Educational,School/Educational Staff,0.27,CW0063,54,Neighbor reports child unsupervised for extended periods. Child seen left alone overnight. Family known to shelter system.,Unsubstantiated
SCR000178,FAM00510,2024-01-10,Brooklyn,6,Hispanic/Latino,Neglect - Inadequate Food/Clothing/Shelter,Shelter Staff,0.358,CW0048,46,Anonymous caller reports child left alone overnight. Unable to verify no food in home. Two prior substantiated reports.,Substantiated
SCR000179,FAM00386,2023-12-23,Brooklyn,3,White,Neglect - Inadequate Supervision,Daycare/Childcare,0.39,CW0061,71,Law enforcement responded to domestic incident. Child present during excessive absences. Child has not seen doctor in over a year.,Unfounded
SCR000180,FAM00387,2021-01-02,Manhattan,13,White,Sexual Abuse,Family Member,0.246,CW0048,58,Anonymous caller reports child left alone overnight. Unable to verify no food in home. Two prior substantiated reports.,Still Open
SCR000181,FAM00113,2024-05-11,Queens,12,Unknown,Neglect - Educational,School/Educational Staff,0.372,CW0047,32,Law enforcement responded to domestic incident. Child present during excessive absences. Child has not seen doctor in over a year.,Unfounded
SCR000182,FAM00613,2022-10-26,Bronx,10,Hispanic/Latino,Neglect - Inadequate Supervision,Anonymous,0.039,CW0056,50,Law enforcement responded to domestic incident. Child present during excessive absences. Child has not seen doctor in over a year.,Still Open
SCR000183,FAM00625,2023-09-28,Manhattan,3,Black/African American,Emotional Abuse,Shelter Staff,0.309,CW0076,37,Anonymous caller reports child left alone overnight. Unable to verify no food in home. Two prior substantiated reports.,Unsubstantiated
SCR000184,FAM00081,2021-02-09,Bronx,8,Hispanic/Latino,Neglect - Educational,Hospital/Medical,0.354,CW0008,43,Anonymous caller reports child left alone overnight. Unable to verify no food in home. Two prior substantiated reports.,Unsubstantiated
SCR000185,FAM00113,2021-08-18,Manhattan,4,Black/African American,Neglect - Inadequate Food/Clothing/Shelter,School/Educational Staff,0.31,CW0078,68,Medical staff observed bruising on arms during routine checkup. Child disclosed hitting at home. Prior ACS history: one prior report in 2022 unsubstantiated.,Unsubstantiated
SCR000186,FAM00002,2023-01-14,Manhattan,1,Multiracial,Neglect - Inadequate Food/Clothing/Shelter,Family Member,0.204,CW0018,45,Law enforcement responded to domestic incident. Child present during excessive absences. Child has not seen doctor in over a year.,Unfounded
SCR000187,FAM00642,2022-09-22,Staten Island,15,Black/African American,Neglect - Inadequate Supervision,School/Educational Staff,0.343,CW0023,47,Reporter states child appeared disheveled and hungry at school. Child reported parent unable to be reached. Family has no prior ACS involvement.,Unsubstantiated
SCR000188,FAM00220,2022-05-06,Bronx,1,Black/African American,Neglect - Inadequate Supervision,Hospital/Medical,0.431,CW0069,60,Medical staff observed bruising on arms during routine checkup. Child disclosed hitting at home. Prior ACS history: one prior report in 2022 unsubstantiated.,Substantiated
SCR000189,FAM00566,2021-04-29,Bronx,16,White,Neglect - Inadequate Food/Clothing/Shelter,Hospital/Medical,0.487,CW0065,40,Shelter staff reports child not attending school regularly. Family has been in shelter for 2 months. Caregiver appeared intoxicated.,Substantiated
SCR000190,FAM00225,2022-05-09,Bronx,6,Hispanic/Latino,Neglect - Educational,Family Member,0.19,CW0046,67,Shelter staff reports child not attending school regularly. Family has been in shelter for 2 months. Caregiver appeared intoxicated.,Substantiated
SCR000191,FAM00385,2024-03-07,Bronx,2,Hispanic/Latino,Neglect - Inadequate Food/Clothing/Shelter,Law Enforcement,0.415,CW0066,49,Neighbor reports child unsupervised for extended periods. Child seen left alone overnight. Family known to shelter system.,Unsubstantiated
SCR000192,FAM00403,2021-06-11,Bronx,7,Hispanic/Latino,Emotional Abuse,Anonymous,0.148,CW0069,75,Reporter states child appeared disheveled and hungry at school. Child reported parent unable to be reached. Family has no prior ACS involvement.,Unsubstantiated
SCR000193,FAM00638,2021-06-25,Queens,14,Asian,Emotional Abuse,School/Educational Staff,0.228,CW0022,74,Law enforcement responded to domestic incident. Child present during excessive absences. Child has not seen doctor in over a year.,Unsubstantiated
SCR000194,FAM00130,2023-09-23,Bronx,11,Black/African American,Neglect - Educational,Law Enforcement,0.334,CW0065,33,Reporter states child appeared disheveled and hungry at school. Child reported parent unable to be reached. Family has no prior ACS involvement.,Unsubstantiated
SCR000195,FAM00053,2021-05-22,Bronx,12,Asian,Neglect - Educational,Shelter Staff,0.273,CW0012,49,Shelter staff reports child not attending school regularly. Family has been in shelter for 2 months. Caregiver appeared intoxicated.,Unfounded
SCR000196,FAM00416,2023-12-27,Manhattan,9,Black/African American,Neglect - Inadequate Supervision,Anonymous,0.196,CW0019,60,Law enforcement responded to domestic incident. Child present during excessive absences. Child has not seen doctor in over a year.,Substantiated
SCR000197,FAM00247,2021-09-15,Brooklyn,10,White,Neglect - Inadequate Supervision,Family Member,0.243,CW0022,49,Reporter states child appeared disheveled and hungry at school. Child reported parent unable to be reached. Family has no prior ACS involvement.,Unsubstantiated
SCR000198,FAM00439,2021-09-20,Queens,13,White,Neglect - Inadequate Supervision,School/Educational Staff,0.252,CW0055,40,Anonymous caller reports child left alone overnight. Unable to verify no food in home. Two prior substantiated reports.,Unfounded
SCR000199,FAM00203,2024-09-13,Bronx,3,Black/African American,Physical Abuse,Law Enforcement,0.373,CW0062,79,Medical staff observed bruising on arms during routine checkup. Child disclosed hitting at home. Prior ACS history: one prior report in 2022 unsubstantiated.,Unsubstantiated
SCR000200,FAM00184,2023-09-01,Brooklyn,6,Hispanic/Latino,Neglect - Educational,School/Educational Staff,0.411,CW0051,30,Law enforcement responded to domestic incident. Child present during excessive absences. Child has not seen doctor in over a year.,Substantiated
SCR000201,FAM00123,2024-01-31,Bronx,2,Black/African American,Neglect - Educational,Shelter Staff,0.286,CW0048,73,Anonymous caller reports child left alone overnight. Unable to verify no food in home. Two prior substantiated reports.,Unsubstantiated
SCR000202,FAM00401,2021-12-05,Bronx,17,White,Neglect - Inadequate Supervision,Hospital/Medical,0.404,CW0017,47,Medical staff observed bruising on arms during routine checkup. Child disclosed hitting at home. Prior ACS history: one prior report in 2022 unsubstantiated.,Substantiated
SCR000203,FAM00294,2022-06-27,Queens,16,Hispanic/Latino,Physical Abuse,Hospital/Medical,0.445,CW0013,68,Reporter states child appeared disheveled and hungry at school. Child reported parent unable to be reached. Family has no prior ACS involvement.,Unsubstantiated
SCR000204,FAM00280,2023-12-17,Bronx,0,Hispanic/Latino,Neglect - Educational,Hospital/Medical,0.458,CW0028,73,Law enforcement responded to domestic incident. Child present during excessive absences. Child has not seen doctor in over a year.,Still Open
SCR000205,FAM00610,2024-05-27,Brooklyn,10,Black/African American,Physical Abuse,Law Enforcement,0.357,CW0067,62,Neighbor reports child unsupervised for extended periods. Child seen left alone overnight. Family known to shelter system.,Unsubstantiated
SCR000206,FAM00198,2023-05-17,Brooklyn,15,Black/African American,Neglect - Inadequate Supervision,Hospital/Medical,0.445,CW0005,65,Neighbor reports child unsupervised for extended periods. Child seen left alone overnight. Family known to shelter system.,Unsubstantiated
SCR000207,FAM00511,2022-03-10,Brooklyn,2,Black/African American,Neglect - Medical,Daycare/Childcare,0.334,CW0060,47,Shelter staff reports child not attending school regularly. Family has been in shelter for 2 months. Caregiver appeared intoxicated.,Substantiated
SCR000208,FAM00144,2024-01-10,Queens,8,Black/African American,Neglect - Medical,Hospital/Medical,0.456,CW0015,76,Anonymous caller reports child left alone overnight. Unable to verify no food in home. Two prior substantiated reports.,Unsubstantiated
SCR000209,FAM00609,2024-11-13,Bronx,15,Hispanic/Latino,Neglect - Inadequate Supervision,School/Educational Staff,0.318,CW0044,60,Law enforcement responded to domestic incident. Child present during excessive absences. Child has not seen doctor in over a year.,Substantiated
SCR000210,FAM00201,2022-02-16,Manhattan,0,Asian,Neglect - Inadequate Supervision,Anonymous,0.164,CW0046,64,Anonymous caller reports child left alone overnight. Unable to verify no food in home. Two prior substantiated reports.,Substantiated
SCR000211,FAM00124,2024-12-31,Staten Island,10,Hispanic/Latino,Neglect - Inadequate Supervision,Hospital/Medical,0.382,CW0029,68,Reporter states child appeared disheveled and hungry at school. Child reported parent unable to be reached. Family has no prior ACS involvement.,Substantiated
SCR000212,FAM00187,2022-10-01,Brooklyn,3,Hispanic/Latino,Neglect - Inadequate Supervision,Hospital/Medical,0.379,CW0068,67,Neighbor reports child unsupervised for extended periods. Child seen left alone overnight. Family known to shelter system.,Substantiated
SCR000213,FAM00326,2023-03-29,Queens,15,Unknown,Physical Abuse,Daycare/Childcare,0.397,CW0049,44,Anonymous caller reports child left alone overnight. Unable to verify no food in home. Two prior substantiated reports.,Unsubstantiated
SCR000214,FAM00464,2024-10-07,Bronx,17,White,Emotional Abuse,Hospital/Medical,0.416,CW0043,76,Shelter staff reports child not attending school regularly. Family has been in shelter for 2 months. Caregiver appeared intoxicated.,Substantiated
SCR000215,FAM00349,2024-08-23,Brooklyn,16,Multiracial,Physical Abuse,School/Educational Staff,0.324,CW0068,35,Law enforcement responded to domestic incident. Child present during excessive absences. Child has not seen doctor in over a year.,Unfounded
SCR000216,FAM00403,2023-02-04,Bronx,6,Hispanic/Latino,Emotional Abuse,Hospital/Medical,0.405,CW0077,37,Neighbor reports child unsupervised for extended periods. Child seen left alone overnight. Family known to shelter system.,Still Open
SCR000217,FAM00346,2023-06-17,Manhattan,14,Black/African American,Neglect - Inadequate Supervision,Neighbor/Community,0.225,CW0020,69,Anonymous caller reports child left alone overnight. Unable to verify no food in home. Two prior substantiated reports.,Substantiated
SCR000218,FAM00511,2023-11-26,Staten Island,13,Black/African American,Neglect - Educational,Law Enforcement,0.35,CW0018,51,Anonymous caller reports child left alone overnight. Unable to verify no food in home. Two prior substantiated reports.,Substantiated
SCR000219,FAM00147,2023-07-14,Bronx,4,White,Physical Abuse,Law Enforcement,0.373,CW0064,30,Law enforcement responded to domestic incident. Child present during excessive absences. Child has not seen doctor in over a year.,Unsubstantiated
SCR000220,FAM00148,2021-09-05,Manhattan,13,Black/African American,Neglect - Inadequate Supervision,Law Enforcement,0.419,CW0049,42,Shelter staff reports child not attending school regularly. Family has been in shelter for 2 months. Caregiver appeared intoxicated.,Substantiated
SCR000221,FAM00489,2022-05-23,Bronx,0,Black/African American,Physical Abuse,School/Educational Staff,0.369,CW0042,53,Reporter states child appeared disheveled and hungry at school. Child reported parent unable to be reached. Family has no prior ACS involvement.,Unfounded
SCR000222,FAM00640,2022-04-06,Brooklyn,8,Hispanic/Latino,Neglect - Inadequate Supervision,Hospital/Medical,0.394,CW0012,50,Shelter staff reports child not attending school regularly. Family has been in shelter for 2 months. Caregiver appeared intoxicated.,Unsubstantiated
SCR000223,FAM00551,2021-05-12,Brooklyn,3,Hispanic/Latino,Neglect - Educational,Daycare/Childcare,0.448,CW0079,74,Reporter states child appeared disheveled and hungry at school. Child reported parent unable to be reached. Family has no prior ACS involvement.,Unfounded
SCR000224,FAM00338,2022-11-24,Staten Island,1,Hispanic/Latino,Domestic Violence Exposure,School/Educational Staff,0.326,CW0036,72,Medical staff observed bruising on arms during routine checkup. Child disclosed hitting at home. Prior ACS history: one prior report in 2022 unsubstantiated.,Unsubstantiated
SCR000225,FAM00641,2021-02-13,Manhattan,0,Black/African American,Neglect - Educational,School/Educational Staff,0.258,CW0008,33,Anonymous caller reports child left alone overnight. Unable to verify no food in home. Two prior substantiated reports.,Unsubstantiated
SCR000226,FAM00473,2024-04-19,Brooklyn,10,Black/African American,Domestic Violence Exposure,School/Educational Staff,0.328,CW0028,36,Anonymous caller reports child left alone overnight. Unable to verify no food in home. Two prior substantiated reports.,Unfounded
SCR000227,FAM00151,2024-02-09,Bronx,4,Hispanic/Latino,Domestic Violence Exposure,Hospital/Medical,0.401,CW0060,41,Neighbor reports child unsupervised for extended periods. Child seen left alone overnight. Family known to shelter system.,Still Open
SCR000228,FAM00415,2022-04-17,Bronx,11,Unknown,Emotional Abuse,Social Service Provider,0.352,CW0049,42,Medical staff observed bruising on arms during routine checkup. Child disclosed hitting at home. Prior ACS history: one prior report in 2022 unsubstantiated.,Unfounded
SCR000229,FAM00298,2024-04-20,Bronx,0,White,Physical Abuse,School/Educational Staff,0.308,CW0038,73,Anonymous caller reports child left alone overnight. Unable to verify no food in home. Two prior substantiated reports.,Unfounded
SCR000230,FAM00611,2022-03-28,Bronx,4,Multiracial,Neglect - Inadequate Food/Clothing/Shelter,Shelter Staff,0.284,CW0058,45,Reporter states child appeared disheveled and hungry at school. Child reported parent unable to be reached. Family has no prior ACS involvement.,Unsubstantiated
SCR000231,FAM00263,2021-01-15,Queens,7,White,Sexual Abuse,School/Educational Staff,0.264,CW0005,35,Law enforcement responded to domestic incident. Child present during excessive absences. Child has not seen doctor in over a year.,Substantiated
SCR000232,FAM00144,2021-05-26,Brooklyn,12,Hispanic/Latino,Neglect - Inadequate Supervision,Social Service Provider,0.38,CW0046,43,Reporter states child appeared disheveled and hungry at school. Child reported parent unable to be reached. Family has no prior ACS involvement.,Unsubstantiated
SCR000233,FAM00346,2024-12-20,Brooklyn,4,Black/African American,Neglect - Inadequate Food/Clothing/Shelter,School/Educational Staff,0.252,CW0075,77,Anonymous caller reports child left alone overnight. Unable to verify no food in home. Two prior substantiated reports.,Unsubstantiated
SCR000234,FAM00624,2024-07-16,Bronx,9,Hispanic/Latino,Physical Abuse,Hospital/Medical,0.365,CW0002,60,Anonymous caller reports child left alone overnight. Unable to verify no food in home. Two prior substantiated reports.,Unsubstantiated
SCR000235,FAM00572,2021-05-01,Queens,14,Hispanic/Latino,Neglect - Inadequate Supervision,Daycare/Childcare,0.368,CW0025,65,Reporter states child appeared disheveled and hungry at school. Child reported parent unable to be reached. Family has no prior ACS involvement.,Substantiated
SCR000236,FAM00002,2022-04-14,Manhattan,9,Hispanic/Latino,Neglect - Inadequate Food/Clothing/Shelter,Daycare/Childcare,0.43,CW0001,66,Law enforcement responded to domestic incident. Child present during excessive absences. Child has not seen doctor in over a year.,Unsubstantiated
SCR000237,FAM00304,2021-05-19,Bronx,3,Hispanic/Latino,Neglect - Inadequate Supervision,Hospital/Medical,0.402,CW0069,70,Medical staff observed bruising on arms during routine checkup. Child disclosed hitting at home. Prior ACS history: one prior report in 2022 unsubstantiated.,Substantiated
SCR000238,FAM00254,2021-03-06,Manhattan,0,Hispanic/Latino,Neglect - Inadequate Food/Clothing/Shelter,Hospital/Medical,0.455,CW0040,64,Anonymous caller reports child left alone overnight. Unable to verify no food in home. Two prior substantiated reports.,Substantiated
SCR000239,FAM00453,2022-11-08,Brooklyn,14,Black/African American,Sexual Abuse,Hospital/Medical,0.474,CW0068,39,Neighbor reports child unsupervised for extended periods. Child seen left alone overnight. Family known to shelter system.,Unsubstantiated
SCR000240,FAM00037,2021-05-26,Bronx,0,Hispanic/Latino,Neglect - Inadequate Supervision,School/Educational Staff,0.351,CW0069,46,Reporter states child appeared disheveled and hungry at school. Child reported parent unable to be reached. Family has no prior ACS involvement.,Substantiated
SCR000241,FAM00160,2023-11-19,Brooklyn,14,Black/African American,Neglect - Medical,School/Educational Staff,0.294,CW0069,71,Reporter states child appeared disheveled and hungry at school. Child reported parent unable to be reached. Family has no prior ACS involvement.,Unsubstantiated
SCR000242,FAM00009,2022-05-03,Brooklyn,7,White,Physical Abuse,Shelter Staff,0.225,CW0016,59,Neighbor reports child unsupervised for extended periods. Child seen left alone overnight. Family known to shelter system.,Unsubstantiated
SCR000243,FAM00233,2022-07-25,Bronx,16,Black/African American,Emotional Abuse,School/Educational Staff,0.2,CW0054,73,Reporter states child appeared disheveled and hungry at school. Child reported parent unable to be reached. Family has no prior ACS involvement.,Substantiated
SCR000244,FAM00099,2024-10-02,Staten Island,12,Black/African American,Neglect - Inadequate Food/Clothing/Shelter,Hospital/Medical,0.407,CW0063,36,Neighbor reports child unsupervised for extended periods. Child seen left alone overnight. Family known to shelter system.,Substantiated
SCR000245,FAM00208,2023-09-22,Queens,17,Hispanic/Latino,Emotional Abuse,Law Enforcement,0.439,CW0018,47,Neighbor reports child unsupervised for extended periods. Child seen left alone overnight. Family known to shelter system.,Unfounded
SCR000246,FAM00131,2022-03-15,Manhattan,4,Hispanic/Latino,Neglect - Educational,Neighbor/Community,0.124,CW0017,48,Neighbor reports child unsupervised for extended periods. Child seen left alone overnight. Family known to shelter system.,Substantiated
SCR000247,FAM00404,2024-01-10,Brooklyn,12,Hispanic/Latino,Emotional Abuse,Law Enforcement,0.415,CW0004,44,Law enforcement responded to domestic incident. Child present during excessive absences. Child has not seen doctor in over a year.,Substantiated
SCR000248,FAM00152,2021-09-28,Brooklyn,5,Black/African American,Neglect - Educational,School/Educational Staff,0.262,CW0009,68,Medical staff observed bruising on arms during routine checkup. Child disclosed hitting at home. Prior ACS history: one prior report in 2022 unsubstantiated.,Substantiated
SCR000249,FAM00054,2024-03-15,Manhattan,6,Hispanic/Latino,Neglect - Medical,School/Educational Staff,0.315,CW0031,73,Medical staff observed bruising on arms during routine checkup. Child disclosed hitting at home. Prior ACS history: one prior report in 2022 unsubstantiated.,Unsubstantiated
SCR000250,FAM00120,2024-03-26,Brooklyn,9,Black/African American,Domestic Violence Exposure,Neighbor/Community,0.215,CW0005,51,Shelter staff reports child not attending school regularly. Family has been in shelter for 2 months. Caregiver appeared intoxicated.,Unsubstantiated
SCR000251,FAM00628,2023-08-27,Bronx,14,Multiracial,Neglect - Inadequate Supervision,Hospital/Medical,0.387,CW0016,68,Law enforcement responded to domestic incident. Child present during excessive absences. Child has not seen doctor in over a year.,Unsubstantiated
SCR000252,FAM00587,2022-05-13,Brooklyn,17,Multiracial,Neglect - Inadequate Supervision,School/Educational Staff,0.319,CW0042,71,Shelter staff reports child not attending school regularly. Family has been in shelter for 2 months. Caregiver appeared intoxicated.,Unsubstantiated
SCR000253,FAM00625,2023-08-27,Queens,12,Hispanic/Latino,Emotional Abuse,Law Enforcement,0.359,CW0041,59,Anonymous caller reports child left alone overnight. Unable to verify no food in home. Two prior substantiated reports.,Unsubstantiated
SCR000254,FAM00420,2023-04-14,Brooklyn,5,Black/African American,Neglect - Inadequate Supervision,Law Enforcement,0.415,CW0030,49,Medical staff observed bruising on arms during routine checkup. Child disclosed hitting at home. Prior ACS history: one prior report in 2022 unsubstantiated.,Unfounded
SCR000255,FAM00422,2022-01-25,Bronx,5,White,Sexual Abuse,Law Enforcement,0.392,CW0026,61,Medical staff observed bruising on arms during routine checkup. Child disclosed hitting at home. Prior ACS history: one prior report in 2022 unsubstantiated.,Substantiated
SCR000256,FAM00104,2021-07-13,Queens,11,Black/African American,Neglect - Educational,School/Educational Staff,0.313,CW0049,71,Medical staff observed bruising on arms during routine checkup. Child disclosed hitting at home. Prior ACS history: one prior report in 2022 unsubstantiated.,Substantiated
SCR000257,FAM00254,2021-07-18,Bronx,3,Hispanic/Latino,Neglect - Educational,School/Educational Staff,0.388,CW0031,54,Reporter states child appeared disheveled and hungry at school. Child reported parent unable to be reached. Family has no prior ACS involvement.,Still Open
SCR000258,FAM00227,2024-09-11,Bronx,1,Black/African American,Domestic Violence Exposure,Neighbor/Community,0.213,CW0050,52,Shelter staff reports child not attending school regularly. Family has been in shelter for 2 months. Caregiver appeared intoxicated.,Unsubstantiated
SCR000259,FAM00112,2023-06-02,Bronx,4,Multiracial,Physical Abuse,School/Educational Staff,0.275,CW0015,34,Law enforcement responded to domestic incident. Child present during excessive absences. Child has not seen doctor in over a year.,Unsubstantiated
SCR000260,FAM00510,2022-12-27,Brooklyn,3,Black/African American,Sexual Abuse,Law Enforcement,0.376,CW0052,79,Shelter staff reports child not attending school regularly. Family has been in shelter for 2 months. Caregiver appeared intoxicated.,Substantiated
SCR000261,FAM00473,2023-05-18,Manhattan,3,Hispanic/Latino,Neglect - Inadequate Supervision,Daycare/Childcare,0.346,CW0038,70,Anonymous caller reports child left alone overnight. Unable to verify no food in home. Two prior substantiated reports.,Unsubstantiated
SCR000262,FAM00099,2023-04-22,Brooklyn,3,White,Physical Abuse,Law Enforcement,0.384,CW0038,59,Medical staff observed bruising on arms during routine checkup. Child disclosed hitting at home. Prior ACS history: one prior report in 2022 unsubstantiated.,Unsubstantiated
SCR000263,FAM00153,2023-08-15,Bronx,0,Hispanic/Latino,Neglect - Inadequate Food/Clothing/Shelter,Hospital/Medical,0.546,CW0060,77,Law enforcement responded to domestic incident. Child present during excessive absences. Child has not seen doctor in over a year.,Still Open
SCR000264,FAM00338,2021-04-21,Queens,0,Black/African American,Physical Abuse,School/Educational Staff,0.329,CW0020,68,Shelter staff reports child not attending school regularly. Family has been in shelter for 2 months. Caregiver appeared intoxicated.,Substantiated
SCR000265,FAM00163,2024-10-11,Queens,17,Unknown,Physical Abuse,Law Enforcement,0.278,CW0044,56,Medical staff observed bruising on arms during routine checkup. Child disclosed hitting at home. Prior ACS history: one prior report in 2022 unsubstantiated.,Unsubstantiated
SCR000266,FAM00161,2024-08-31,Queens,5,Hispanic/Latino,Neglect - Inadequate Food/Clothing/Shelter,Family Member,0.193,CW0063,71,Medical staff observed bruising on arms during routine checkup. Child disclosed hitting at home. Prior ACS history: one prior report in 2022 unsubstantiated.,Substantiated
SCR000267,FAM00580,2024-08-16,Bronx,5,Hispanic/Latino,Neglect - Inadequate Food/Clothing/Shelter,Neighbor/Community,0.083,CW0050,66,Law enforcement responded to domestic incident. Child present during excessive absences. Child has not seen doctor in over a year.,Substantiated
SCR000268,FAM00398,2021-07-21,Brooklyn,10,Black/African American,Neglect - Inadequate Supervision,School/Educational Staff,0.294,CW0022,36,Anonymous caller reports child left alone overnight. Unable to verify no food in home. Two prior substantiated reports.,Substantiated
SCR000269,FAM00277,2021-05-05,Staten Island,2,Hispanic/Latino,Emotional Abuse,School/Educational Staff,0.211,CW0072,34,Neighbor reports child unsupervised for extended periods. Child seen left alone overnight. Family known to shelter system.,Unsubstantiated
SCR000270,FAM00504,2023-04-05,Queens,16,Hispanic/Latino,Neglect - Inadequate Supervision,Neighbor/Community,0.136,CW0054,44,Law enforcement responded to domestic incident. Child present during excessive absences. Child has not seen doctor in over a year.,Unsubstantiated
SCR000271,FAM00392,2022-11-26,Bronx,12,Black/African American,Physical Abuse,Daycare/Childcare,0.274,CW0009,71,Neighbor reports child unsupervised for extended periods. Child seen left alone overnight. Family known to shelter system.,Unsubstantiated
SCR000272,FAM00135,2021-08-12,Bronx,1,Black/African American,Neglect - Inadequate Supervision,Family Member,0.239,CW0015,37,Anonymous caller reports child left alone overnight. Unable to verify no food in home. Two prior substantiated reports.,Unfounded
SCR000273,FAM00195,2022-05-25,Brooklyn,5,White,Physical Abuse,School/Educational Staff,0.31,CW0048,38,Reporter states child appeared disheveled and hungry at school. Child reported parent unable to be reached. Family has no prior ACS involvement.,Unsubstantiated
SCR000274,FAM00401,2022-01-28,Queens,14,Black/African American,Physical Abuse,Law Enforcement,0.395,CW0020,40,Law enforcement responded to domestic incident. Child present during excessive absences. Child has not seen doctor in over a year.,Unfounded
SCR000275,FAM00640,2022-01-25,Brooklyn,16,Black/African American,Neglect - Inadequate Supervision,Daycare/Childcare,0.345,CW0035,51,Neighbor reports child unsupervised for extended periods. Child seen left alone overnight. Family known to shelter system.,Unsubstantiated
SCR000276,FAM00033,2024-01-04,Brooklyn,6,Hispanic/Latino,Neglect - Educational,Daycare/Childcare,0.28,CW0067,63,Anonymous caller reports child left alone overnight. Unable to verify no food in home. Two prior substantiated reports.,Unsubstantiated
SCR000277,FAM00460,2023-07-08,Bronx,9,White,Neglect - Educational,Hospital/Medical,0.446,CW0060,64,Shelter staff reports child not attending school regularly. Family has been in shelter for 2 months. Caregiver appeared intoxicated.,Unsubstantiated
SCR000278,FAM00470,2021-10-15,Manhattan,2,Black/African American,Physical Abuse,School/Educational Staff,0.406,CW0034,42,Medical staff observed bruising on arms during routine checkup. Child disclosed hitting at home. Prior ACS history: one prior report in 2022 unsubstantiated.,Unsubstantiated
SCR000279,FAM00375,2023-05-15,Queens,17,Hispanic/Latino,Sexual Abuse,Law Enforcement,0.4,CW0073,40,Reporter states child appeared disheveled and hungry at school. Child reported parent unable to be reached. Family has no prior ACS involvement.,Unfounded
SCR000280,FAM00022,2022-01-11,Brooklyn,3,Black/African American,Neglect - Educational,School/Educational Staff,0.289,CW0054,61,Law enforcement responded to domestic incident. Child present during excessive absences. Child has not seen doctor in over a year.,Still Open
SCR000281,FAM00038,2022-07-25,Queens,16,Black/African American,Physical Abuse,Hospital/Medical,0.349,CW0012,71,Neighbor reports child unsupervised for extended periods. Child seen left alone overnight. Family known to shelter system.,Still Open
SCR000282,FAM00230,2023-08-06,Staten Island,9,Black/African American,Neglect - Inadequate Supervision,Neighbor/Community,0.135,CW0019,44,Shelter staff reports child not attending school regularly. Family has been in shelter for 2 months. Caregiver appeared intoxicated.,Substantiated
SCR000283,FAM00365,2022-05-27,Bronx,8,White,Neglect - Inadequate Food/Clothing/Shelter,Hospital/Medical,0.443,CW0026,67,Neighbor reports child unsupervised for extended periods. Child seen left alone overnight. Family known to shelter system.,Still Open
SCR000284,FAM00563,2021-06-04,Brooklyn,7,Black/African American,Neglect - Medical,Anonymous,0.194,CW0023,30,Anonymous caller reports child left alone overnight. Unable to verify no food in home. Two prior substantiated reports.,Unfounded
SCR000285,FAM00438,2023-06-27,Bronx,3,Black/African American,Neglect - Inadequate Supervision,School/Educational Staff,0.323,CW0033,75,Law enforcement responded to domestic incident. Child present during excessive absences. Child has not seen doctor in over a year.,Unsubstantiated
SCR000286,FAM00283,2024-02-02,Queens,2,Hispanic/Latino,Neglect - Inadequate Food/Clothing/Shelter,Law Enforcement,0.42,CW0057,79,Anonymous caller reports child left alone overnight. Unable to verify no food in home. Two prior substantiated reports.,Substantiated
SCR000287,FAM00027,2021-07-20,Brooklyn,2,White,Neglect - Educational,Social Service Provider,0.365,CW0030,53,Neighbor reports child unsupervised for extended periods. Child seen left alone overnight. Family known to shelter system.,Substantiated
SCR000288,FAM00226,2021-04-14,Manhattan,2,Black/African American,Neglect - Educational,School/Educational Staff,0.335,CW0023,72,Law enforcement responded to domestic incident. Child present during excessive absences. Child has not seen doctor in over a year.,Unfounded
SCR000289,FAM00277,2024-08-28,Queens,12,Hispanic/Latino,Neglect - Inadequate Supervision,School/Educational Staff,0.277,CW0074,69,Neighbor reports child unsupervised for extended periods. Child seen left alone overnight. Family known to shelter system.,Substantiated
SCR000290,FAM00609,2024-01-13,Brooklyn,4,Black/African American,Neglect - Educational,Hospital/Medical,0.429,CW0036,51,Medical staff observed bruising on arms during routine checkup. Child disclosed hitting at home. Prior ACS history: one prior report in 2022 unsubstantiated.,Unfounded
SCR000291,FAM00284,2021-01-31,Queens,0,Hispanic/Latino,Physical Abuse,School/Educational Staff,0.268,CW0043,32,Law enforcement responded to domestic incident. Child present during excessive absences. Child has not seen doctor in over a year.,Substantiated
SCR000292,FAM00481,2021-07-11,Brooklyn,16,Hispanic/Latino,Neglect - Inadequate Food/Clothing/Shelter,Daycare/Childcare,0.351,CW0066,43,Law enforcement responded to domestic incident. Child present during excessive absences. Child has not seen doctor in over a year.,Unsubstantiated
SCR000293,FAM00453,2022-04-30,Bronx,14,Hispanic/Latino,Neglect - Inadequate Food/Clothing/Shelter,Family Member,0.237,CW0053,31,Reporter states child appeared disheveled and hungry at school. Child reported parent unable to be reached. Family has no prior ACS involvement.,Unsubstantiated
SCR000294,FAM00516,2021-12-07,Manhattan,15,Black/African American,Neglect - Educational,Hospital/Medical,0.504,CW0060,61,Medical staff observed bruising on arms during routine checkup. Child disclosed hitting at home. Prior ACS history: one prior report in 2022 unsubstantiated.,Still Open
SCR000295,FAM00547,2023-04-13,Queens,17,Black/African American,Neglect - Inadequate Supervision,School/Educational Staff,0.245,CW0037,77,Law enforcement responded to domestic incident. Child present during excessive absences. Child has not seen doctor in over a year.,Substantiated
SCR000296,FAM00192,2023-09-22,Brooklyn,2,Black/African American,Physical Abuse,Hospital/Medical,0.444,CW0061,67,Shelter staff reports child not attending school regularly. Family has been in shelter for 2 months. Caregiver appeared intoxicated.,Unsubstantiated
SCR000297,FAM00049,2023-09-13,Queens,5,Black/African American,Domestic Violence Exposure,Daycare/Childcare,0.424,CW0053,62,Neighbor reports child unsupervised for extended periods. Child seen left alone overnight. Family known to shelter system.,Unsubstantiated
SCR000298,FAM00512,2022-03-14,Queens,11,Black/African American,Neglect - Educational,School/Educational Staff,0.348,CW0012,75,Shelter staff reports child not attending school regularly. Family has been in shelter for 2 months. Caregiver appeared intoxicated.,Unsubstantiated
SCR000299,FAM00017,2023-04-02,Bronx,10,White,Neglect - Medical,Law Enforcement,0.422,CW0035,71,Neighbor reports child unsupervised for extended periods. Child seen left alone overnight. Family known to shelter system.,Unfounded
SCR000300,FAM00172,2021-05-01,Staten Island,1,Unknown,Neglect - Inadequate Food/Clothing/Shelter,Law Enforcement,0.409,CW0067,35,Anonymous caller reports child left alone overnight. Unable to verify no food in home. Two prior substantiated reports.,Unsubstantiated
SCR000301,FAM00220,2021-12-04,Bronx,13,Unknown,Neglect - Inadequate Food/Clothing/Shelter,Law Enforcement,0.445,CW0038,70,Neighbor reports child unsupervised for extended periods. Child seen left alone overnight. Family known to shelter system.,Substantiated
SCR000302,FAM00158,2023-02-16,Bronx,2,Asian,Neglect - Inadequate Food/Clothing/Shelter,School/Educational Staff,0.256,CW0024,68,Reporter states child appeared disheveled and hungry at school. Child reported parent unable to be reached. Family has no prior ACS involvement.,Unsubstantiated
SCR000303,FAM00477,2021-01-05,Bronx,2,Hispanic/Latino,Neglect - Educational,Daycare/Childcare,0.281,CW0040,54,Anonymous caller reports child left alone overnight. Unable to verify no food in home. Two prior substantiated reports.,Unsubstantiated
SCR000304,FAM00046,2023-03-11,Queens,7,White,Neglect - Educational,School/Educational Staff,0.31,CW0065,63,Law enforcement responded to domestic incident. Child present during excessive absences. Child has not seen doctor in over a year.,Unfounded
SCR000305,FAM00373,2022-06-28,Manhattan,8,Black/African American,Physical Abuse,School/Educational Staff,0.202,CW0057,40,Neighbor reports child unsupervised for extended periods. Child seen left alone overnight. Family known to shelter system.,Unsubstantiated
SCR000306,FAM00518,2023-07-21,Bronx,8,Hispanic/Latino,Neglect - Inadequate Supervision,Family Member,0.282,CW0072,75,Reporter states child appeared disheveled and hungry at school. Child reported parent unable to be reached. Family has no prior ACS involvement.,Unsubstantiated
SCR000307,FAM00099,2022-08-08,Brooklyn,1,Hispanic/Latino,Neglect - Medical,Daycare/Childcare,0.411,CW0079,66,Shelter staff reports child not attending school regularly. Family has been in shelter for 2 months. Caregiver appeared intoxicated.,Unsubstantiated
SCR000308,FAM00037,2023-05-17,Manhattan,14,Hispanic/Latino,Neglect - Inadequate Supervision,School/Educational Staff,0.288,CW0045,70,Anonymous caller reports child left alone overnight. Unable to verify no food in home. Two prior substantiated reports.,Unsubstantiated
SCR000309,FAM00280,2024-11-27,Bronx,3,White,Neglect - Educational,School/Educational Staff,0.291,CW0072,36,Anonymous caller reports child left alone overnight. Unable to verify no food in home. Two prior substantiated reports.,Substantiated
SCR000310,FAM00349,2024-02-13,Queens,1,Black/African American,Physical Abuse,School/Educational Staff,0.306,CW0013,75,Reporter states child appeared disheveled and hungry at school. Child reported parent unable to be reached. Family has no prior ACS involvement.,Unsubstantiated
SCR000311,FAM00497,2024-09-17,Queens,14,Black/African American,Neglect - Inadequate Supervision,School/Educational Staff,0.313,CW0079,77,Shelter staff reports child not attending school regularly. Family has been in shelter for 2 months. Caregiver appeared intoxicated.,Substantiated
SCR000312,FAM00302,2023-09-24,Brooklyn,16,Multiracial,Neglect - Inadequate Food/Clothing/Shelter,School/Educational Staff,0.316,CW0006,51,Anonymous caller reports child left alone overnight. Unable to verify no food in home. Two prior substantiated reports.,Still Open
SCR000313,FAM00181,2021-11-14,Staten Island,14,Black/African American,Physical Abuse,School/Educational Staff,0.338,CW0071,77,Law enforcement responded to domestic incident. Child present during excessive absences. Child has not seen doctor in over a year.,Unfounded
SCR000314,FAM00607,2022-01-24,Brooklyn,12,Hispanic/Latino,Neglect - Medical,Hospital/Medical,0.411,CW0047,68,Neighbor reports child unsupervised for extended periods. Child seen left alone overnight. Family known to shelter system.,Substantiated
SCR000315,FAM00099,2022-08-31,Staten Island,9,Multiracial,Emotional Abuse,Daycare/Childcare,0.397,CW0044,39,Medical staff observed bruising on arms during routine checkup. Child disclosed hitting at home. Prior ACS history: one prior report in 2022 unsubstantiated.,Unfounded
SCR000316,FAM00116,2022-03-22,Manhattan,8,Hispanic/Latino,Physical Abuse,Law Enforcement,0.402,CW0032,50,Shelter staff reports child not attending school regularly. Family has been in shelter for 2 months. Caregiver appeared intoxicated.,Unfounded
SCR000317,FAM00191,2021-04-30,Manhattan,1,Hispanic/Latino,Physical Abuse,Law Enforcement,0.35,CW0003,35,Neighbor reports child unsupervised for extended periods. Child seen left alone overnight. Family known to shelter system.,Unsubstantiated
SCR000318,FAM00253,2024-04-01,Bronx,5,Black/African American,Neglect - Medical,School/Educational Staff,0.377,CW0054,78,Medical staff observed bruising on arms during routine checkup. Child disclosed hitting at home. Prior ACS history: one prior report in 2022 unsubstantiated.,Unsubstantiated
SCR000319,FAM00161,2024-01-16,Queens,5,Black/African American,Neglect - Inadequate Supervision,Neighbor/Community,0.112,CW0078,30,Anonymous caller reports child left alone overnight. Unable to verify no food in home. Two prior substantiated reports.,Substantiated
SCR000320,FAM00256,2021-05-05,Brooklyn,3,Asian,Neglect - Educational,Anonymous,0.135,CW0038,63,Medical staff observed bruising on arms during routine checkup. Child disclosed hitting at home. Prior ACS history: one prior report in 2022 unsubstantiated.,Unsubstantiated
SCR000321,FAM00323,2022-10-05,Bronx,11,Hispanic/Latino,Neglect - Inadequate Supervision,Anonymous,0.188,CW0004,43,Shelter staff reports child not attending school regularly. Family has been in shelter for 2 months. Caregiver appeared intoxicated.,Unsubstantiated
SCR000322,FAM00128,2021-04-28,Bronx,7,Hispanic/Latino,Neglect - Inadequate Supervision,Anonymous,0.104,CW0079,65,Neighbor reports child unsupervised for extended periods. Child seen left alone overnight. Family known to shelter system.,Unsubstantiated
SCR000323,FAM00018,2021-04-13,Brooklyn,1,Black/African American,Physical Abuse,Neighbor/Community,0.195,CW0017,56,Anonymous caller reports child left alone overnight. Unable to verify no food in home. Two prior substantiated reports.,Still Open
SCR000324,FAM00566,2024-04-11,Brooklyn,2,Black/African American,Physical Abuse,Shelter Staff,0.307,CW0037,38,Anonymous caller reports child left alone overnight. Unable to verify no food in home. Two prior substantiated reports.,Substantiated
SCR000325,FAM00570,2023-09-04,Manhattan,10,Unknown,Neglect - Inadequate Food/Clothing/Shelter,School/Educational Staff,0.267,CW0036,35,Anonymous caller reports child left alone overnight. Unable to verify no food in home. Two prior substantiated reports.,Unsubstantiated
SCR000326,FAM00323,2023-10-27,Queens,0,Black/African American,Neglect - Educational,Law Enforcement,0.376,CW0058,60,Anonymous caller reports child left alone overnight. Unable to verify no food in home. Two prior substantiated reports.,Unsubstantiated
SCR000327,FAM00626,2023-12-24,Bronx,14,Hispanic/Latino,Physical Abuse,Daycare/Childcare,0.342,CW0041,46,Medical staff observed bruising on arms during routine checkup. Child disclosed hitting at home. Prior ACS history: one prior report in 2022 unsubstantiated.,Substantiated
SCR000328,FAM00288,2021-11-19,Manhattan,7,Black/African American,Neglect - Inadequate Supervision,Daycare/Childcare,0.322,CW0008,72,Anonymous caller reports child left alone overnight. Unable to verify no food in home. Two prior substantiated reports.,Still Open
SCR000329,FAM00639,2021-04-27,Bronx,6,Hispanic/Latino,Physical Abuse,Shelter Staff,0.395,CW0067,65,Reporter states child appeared disheveled and hungry at school. Child reported parent unable to be reached. Family has no prior ACS involvement.,Unfounded
SCR000330,FAM00155,2023-11-07,Queens,8,Multiracial,Neglect - Inadequate Food/Clothing/Shelter,School/Educational Staff,0.272,CW0030,50,Anonymous caller reports child left alone overnight. Unable to verify no food in home. Two prior substantiated reports.,Unsubstantiated
SCR000331,FAM00490,2021-06-14,Queens,13,Hispanic/Latino,Neglect - Inadequate Supervision,Hospital/Medical,0.47,CW0052,56,Anonymous caller reports child left alone overnight. Unable to verify no food in home. Two prior substantiated reports.,Still Open
SCR000332,FAM00386,2022-01-16,Brooklyn,4,Black/African American,Neglect - Educational,Family Member,0.2,CW0025,70,Reporter states child appeared disheveled and hungry at school. Child reported parent unable to be reached. Family has no prior ACS involvement.,Unsubstantiated
SCR000333,FAM00104,2021-05-21,Manhattan,10,Hispanic/Latino,Neglect - Educational,Law Enforcement,0.326,CW0052,57,Neighbor reports child unsupervised for extended periods. Child seen left alone overnight. Family known to shelter system.,Unsubstantiated
SCR000334,FAM00393,2024-05-03,Brooklyn,8,White,Sexual Abuse,Shelter Staff,0.285,CW0059,45,Law enforcement responded to domestic incident. Child present during excessive absences. Child has not seen doctor in over a year.,Unsubstantiated
SCR000335,FAM00246,2021-05-20,Brooklyn,3,Hispanic/Latino,Neglect - Medical,School/Educational Staff,0.342,CW0030,64,Reporter states child appeared disheveled and hungry at school. Child reported parent unable to be reached. Family has no prior ACS involvement.,Unsubstantiated
SCR000336,FAM00176,2024-10-14,Queens,14,Asian,Physical Abuse,Hospital/Medical,0.466,CW0067,65,Shelter staff reports child not attending school regularly. Family has been in shelter for 2 months. Caregiver appeared intoxicated.,Unfounded
SCR000337,FAM00039,2022-04-27,Brooklyn,12,Hispanic/Latino,Neglect - Educational,Family Member,0.298,CW0004,64,Neighbor reports child unsupervised for extended periods. Child seen left alone overnight. Family known to shelter system.,Substantiated
SCR000338,FAM00477,2023-04-07,Brooklyn,9,Multiracial,Neglect - Inadequate Supervision,Law Enforcement,0.527,CW0057,74,Anonymous caller reports child left alone overnight. Unable to verify no food in home. Two prior substantiated reports.,Unsubstantiated
SCR000339,FAM00538,2021-09-03,Brooklyn,14,Hispanic/Latino,Physical Abuse,Anonymous,0.153,CW0063,48,Medical staff observed bruising on arms during routine checkup. Child disclosed hitting at home. Prior ACS history: one prior report in 2022 unsubstantiated.,Unsubstantiated
SCR000340,FAM00408,2024-03-12,Queens,14,Black/African American,Emotional Abuse,Hospital/Medical,0.387,CW0032,50,Reporter states child appeared disheveled and hungry at school. Child reported parent unable to be reached. Family has no prior ACS involvement.,Unsubstantiated
SCR000341,FAM00525,2022-05-20,Brooklyn,10,Black/African American,Neglect - Educational,Law Enforcement,0.403,CW0079,62,Neighbor reports child unsupervised for extended periods. Child seen left alone overnight. Family known to shelter system.,Still Open
SCR000342,FAM00506,2024-03-31,Bronx,13,Black/African American,Neglect - Educational,School/Educational Staff,0.297,CW0051,52,Neighbor reports child unsupervised for extended periods. Child seen left alone overnight. Family known to shelter system.,Unsubstantiated
SCR000343,FAM00036,2024-05-02,Manhattan,10,Multiracial,Physical Abuse,Daycare/Childcare,0.396,CW0063,35,Anonymous caller reports child left alone overnight. Unable to verify no food in home. Two prior substantiated reports.,Unfounded
SCR000344,FAM00020,2021-03-23,Queens,10,White,Neglect - Inadequate Supervision,Hospital/Medical,0.355,CW0001,61,Law enforcement responded to domestic incident. Child present during excessive absences. Child has not seen doctor in over a year.,Unsubstantiated
SCR000345,FAM00321,2024-06-22,Bronx,9,Hispanic/Latino,Neglect - Inadequate Supervision,Hospital/Medical,0.538,CW0019,51,Medical staff observed bruising on arms during routine checkup. Child disclosed hitting at home. Prior ACS history: one prior report in 2022 unsubstantiated.,Substantiated
SCR000346,FAM00512,2021-06-17,Bronx,11,Black/African American,Neglect - Educational,Law Enforcement,0.423,CW0035,32,Medical staff observed bruising on arms during routine checkup. Child disclosed hitting at home. Prior ACS history: one prior report in 2022 unsubstantiated.,Substantiated
SCR000347,FAM00400,2023-05-09,Bronx,1,Black/African American,Neglect - Inadequate Food/Clothing/Shelter,Neighbor/Community,0.096,CW0063,64,Medical staff observed bruising on arms during routine checkup. Child disclosed hitting at home. Prior ACS history: one prior report in 2022 unsubstantiated.,Unfounded
SCR000348,FAM00471,2024-09-08,Brooklyn,14,White,Sexual Abuse,School/Educational Staff,0.275,CW0026,45,Shelter staff reports child not attending school regularly. Family has been in shelter for 2 months. Caregiver appeared intoxicated.,Unsubstantiated
SCR000349,FAM00143,2024-04-10,Brooklyn,14,Hispanic/Latino,Domestic Violence Exposure,Anonymous,0.181,CW0013,71,Neighbor reports child unsupervised for extended periods. Child seen left alone overnight. Family known to shelter system.,Still Open
SCR000350,FAM00092,2024-03-03,Manhattan,0,Black/African American,Neglect - Inadequate Food/Clothing/Shelter,Hospital/Medical,0.479,CW0023,54,Shelter staff reports child not attending school regularly. Family has been in shelter for 2 months. Caregiver appeared intoxicated.,Unfounded
SCR000351,FAM00354,2023-12-07,Manhattan,13,Hispanic/Latino,Neglect - Inadequate Food/Clothing/Shelter,Hospital/Medical,0.356,CW0035,46,Shelter staff reports child not attending school regularly. Family has been in shelter for 2 months. Caregiver appeared intoxicated.,Unsubstantiated
SCR000352,FAM00051,2022-10-10,Manhattan,1,Black/African American,Neglect - Educational,School/Educational Staff,0.346,CW0012,68,Neighbor reports child unsupervised for extended periods. Child seen left alone overnight. Family known to shelter system.,Unsubstantiated
SCR000353,FAM00575,2022-06-19,Brooklyn,4,Black/African American,Neglect - Inadequate Food/Clothing/Shelter,Hospital/Medical,0.323,CW0009,42,Medical staff observed bruising on arms during routine checkup. Child disclosed hitting at home. Prior ACS history: one prior report in 2022 unsubstantiated.,Unfounded
SCR000354,FAM00190,2022-02-23,Queens,11,Hispanic/Latino,Neglect - Inadequate Supervision,Shelter Staff,0.276,CW0078,57,Neighbor reports child unsupervised for extended periods. Child seen left alone overnight. Family known to shelter system.,Substantiated
SCR000355,FAM00125,2024-10-03,Brooklyn,2,Black/African American,Physical Abuse,School/Educational Staff,0.366,CW0067,40,Law enforcement responded to domestic incident. Child present during excessive absences. Child has not seen doctor in over a year.,Unsubstantiated
SCR000356,FAM00150,2022-10-06,Staten Island,13,Unknown,Neglect - Inadequate Supervision,Shelter Staff,0.252,CW0044,39,Neighbor reports child unsupervised for extended periods. Child seen left alone overnight. Family known to shelter system.,Substantiated
SCR000357,FAM00314,2022-05-04,Manhattan,13,Black/African American,Neglect - Inadequate Supervision,Family Member,0.145,CW0061,68,Anonymous caller reports child left alone overnight. Unable to verify no food in home. Two prior substantiated reports.,Unsubstantiated
SCR000358,FAM00570,2022-06-28,Bronx,7,Black/African American,Neglect - Educational,School/Educational Staff,0.317,CW0021,53,Neighbor reports child unsupervised for extended periods. Child seen left alone overnight. Family known to shelter system.,Unsubstantiated
SCR000359,FAM00342,2023-03-22,Manhattan,0,Black/African American,Neglect - Inadequate Supervision,Anonymous,0.11,CW0007,67,Reporter states child appeared disheveled and hungry at school. Child reported parent unable to be reached. Family has no prior ACS involvement.,Unsubstantiated
SCR000360,FAM00305,2021-09-26,Brooklyn,3,White,Neglect - Educational,Hospital/Medical,0.451,CW0011,53,Law enforcement responded to domestic incident. Child present during excessive absences. Child has not seen doctor in over a year.,Unsubstantiated
SCR000361,FAM00054,2024-10-07,Manhattan,9,Hispanic/Latino,Neglect - Educational,Law Enforcement,0.336,CW0045,62,Reporter states child appeared disheveled and hungry at school. Child reported parent unable to be reached. Family has no prior ACS involvement.,Substantiated
SCR000362,FAM00444,2024-08-14,Bronx,17,Hispanic/Latino,Domestic Violence Exposure,School/Educational Staff,0.271,CW0032,46,Medical staff observed bruising on arms during routine checkup. Child disclosed hitting at home. Prior ACS history: one prior report in 2022 unsubstantiated.,Substantiated
SCR000363,FAM00613,2022-09-07,Bronx,9,Black/African American,Neglect - Inadequate Food/Clothing/Shelter,School/Educational Staff,0.209,CW0036,73,Medical staff observed bruising on arms during routine checkup. Child disclosed hitting at home. Prior ACS history: one prior report in 2022 unsubstantiated.,Unfounded
SCR000364,FAM00264,2023-07-26,Queens,3,Black/African American,Neglect - Inadequate Food/Clothing/Shelter,School/Educational Staff,0.318,CW0037,65,Anonymous caller reports child left alone overnight. Unable to verify no food in home. Two prior substantiated reports.,Unsubstantiated
SCR000365,FAM00053,2022-10-10,Bronx,9,Hispanic/Latino,Sexual Abuse,School/Educational Staff,0.302,CW0075,64,Anonymous caller reports child left alone overnight. Unable to verify no food in home. Two prior substantiated reports.,Substantiated
SCR000366,FAM00572,2021-05-29,Queens,7,White,Domestic Violence Exposure,School/Educational Staff,0.251,CW0041,35,Anonymous caller reports child left alone overnight. Unable to verify no food in home. Two prior substantiated reports.,Unsubstantiated
SCR000367,FAM00620,2021-01-20,Bronx,12,Asian,Neglect - Inadequate Food/Clothing/Shelter,Law Enforcement,0.39,CW0077,45,Law enforcement responded to domestic incident. Child present during excessive absences. Child has not seen doctor in over a year.,Unsubstantiated
SCR000368,FAM00005,2023-07-28,Manhattan,1,Black/African American,Emotional Abuse,Family Member,0.271,CW0049,74,Shelter staff reports child not attending school regularly. Family has been in shelter for 2 months. Caregiver appeared intoxicated.,Unfounded
SCR000369,FAM00103,2024-06-26,Manhattan,12,Hispanic/Latino,Neglect - Inadequate Supervision,Anonymous,0.129,CW0015,57,Neighbor reports child unsupervised for extended periods. Child seen left alone overnight. Family known to shelter system.,Unsubstantiated
SCR000370,FAM00196,2024-02-28,Brooklyn,7,Multiracial,Neglect - Inadequate Supervision,Daycare/Childcare,0.363,CW0013,70,Reporter states child appeared disheveled and hungry at school. Child reported parent unable to be reached. Family has no prior ACS involvement.,Still Open
SCR000371,FAM00350,2021-07-24,Brooklyn,16,Hispanic/Latino,Neglect - Inadequate Supervision,School/Educational Staff,0.324,CW0053,61,Law enforcement responded to domestic incident. Child present during excessive absences. Child has not seen doctor in over a year.,Unsubstantiated
SCR000372,FAM00047,2021-05-31,Bronx,4,White,Physical Abuse,Hospital/Medical,0.36,CW0033,55,Reporter states child appeared disheveled and hungry at school. Child reported parent unable to be reached. Family has no prior ACS involvement.,Unsubstantiated
SCR000373,FAM00269,2024-01-07,Bronx,9,Black/African American,Physical Abuse,Hospital/Medical,0.523,CW0072,40,Neighbor reports child unsupervised for extended periods. Child seen left alone overnight. Family known to shelter system.,Still Open
SCR000374,FAM00370,2022-03-13,Brooklyn,16,Multiracial,Neglect - Inadequate Supervision,School/Educational Staff,0.286,CW0032,54,Shelter staff reports child not attending school regularly. Family has been in shelter for 2 months. Caregiver appeared intoxicated.,Unfounded
SCR000375,FAM00636,2023-11-03,Manhattan,1,White,Neglect - Educational,Shelter Staff,0.313,CW0048,60,Reporter states child appeared disheveled and hungry at school. Child reported parent unable to be reached. Family has no prior ACS involvement.,Substantiated
SCR000376,FAM00106,2022-06-28,Queens,16,Unknown,Physical Abuse,Shelter Staff,0.318,CW0068,50,Law enforcement responded to domestic incident. Child present during excessive absences. Child has not seen doctor in over a year.,Unfounded
SCR000377,FAM00120,2021-09-29,Queens,10,Hispanic/Latino,Neglect - Educational,Hospital/Medical,0.413,CW0057,74,Neighbor reports child unsupervised for extended periods. Child seen left alone overnight. Family known to shelter system.,Substantiated
SCR000378,FAM00604,2022-12-16,Queens,0,Black/African American,Neglect - Inadequate Food/Clothing/Shelter,Hospital/Medical,0.45,CW0062,32,Anonymous caller reports child left alone overnight. Unable to verify no food in home. Two prior substantiated reports.,Still Open
SCR000379,FAM00058,2021-05-21,Queens,4,Multiracial,Physical Abuse,Anonymous,0.152,CW0002,41,Anonymous caller reports child left alone overnight. Unable to verify no food in home. Two prior substantiated reports.,Unsubstantiated
SCR000380,FAM00346,2022-05-16,Manhattan,10,Black/African American,Physical Abuse,Anonymous,0.069,CW0077,69,Anonymous caller reports child left alone overnight. Unable to verify no food in home. Two prior substantiated reports.,Unfounded
SCR000381,FAM00474,2023-01-27,Bronx,0,Black/African American,Emotional Abuse,Hospital/Medical,0.403,CW0016,75,Neighbor reports child unsupervised for extended periods. Child seen left alone overnight. Family known to shelter system.,Unsubstantiated
SCR000382,FAM00117,2022-08-07,Queens,8,White,Sexual Abuse,Family Member,0.189,CW0008,70,Shelter staff reports child not attending school regularly. Family has been in shelter for 2 months. Caregiver appeared intoxicated.,Unfounded
SCR000383,FAM00127,2021-11-20,Manhattan,4,White,Neglect - Inadequate Food/Clothing/Shelter,Neighbor/Community,0.157,CW0019,54,Law enforcement responded to domestic incident. Child present during excessive absences. Child has not seen doctor in over a year.,Unsubstantiated
SCR000384,FAM00393,2023-06-17,Brooklyn,9,Multiracial,Physical Abuse,Hospital/Medical,0.355,CW0032,46,Anonymous caller reports child left alone overnight. Unable to verify no food in home. Two prior substantiated reports.,Still Open
SCR000385,FAM00641,2024-01-18,Bronx,0,Black/African American,Physical Abuse,Hospital/Medical,0.476,CW0067,67,Neighbor reports child unsupervised for extended periods. Child seen left alone overnight. Family known to shelter system.,Still Open
SCR000386,FAM00058,2024-12-11,Brooklyn,14,White,Neglect - Educational,Shelter Staff,0.36,CW0032,65,Reporter states child appeared disheveled and hungry at school. Child reported parent unable to be reached. Family has no prior ACS involvement.,Unfounded
SCR000387,FAM00634,2022-09-12,Brooklyn,17,White,Neglect - Educational,Neighbor/Community,0.229,CW0025,65,Anonymous caller reports child left alone overnight. Unable to verify no food in home. Two prior substantiated reports.,Substantiated
SCR000388,FAM00513,2024-06-06,Queens,16,Black/African American,Neglect - Inadequate Supervision,Family Member,0.284,CW0053,48,Medical staff observed bruising on arms during routine checkup. Child disclosed hitting at home. Prior ACS history: one prior report in 2022 unsubstantiated.,Unsubstantiated
SCR000389,FAM00096,2024-09-01,Brooklyn,11,Hispanic/Latino,Neglect - Inadequate Food/Clothing/Shelter,School/Educational Staff,0.293,CW0025,73,Law enforcement responded to domestic incident. Child present during excessive absences. Child has not seen doctor in over a year.,Still Open
SCR000390,FAM00638,2023-12-20,Brooklyn,1,Black/African American,Physical Abuse,Hospital/Medical,0.388,CW0033,31,Reporter states child appeared disheveled and hungry at school. Child reported parent unable to be reached. Family has no prior ACS involvement.,Unsubstantiated
SCR000391,FAM00118,2021-01-17,Staten Island,11,Black/African American,Sexual Abuse,Shelter Staff,0.241,CW0031,46,Shelter staff reports child not attending school regularly. Family has been in shelter for 2 months. Caregiver appeared intoxicated.,Unsubstantiated
SCR000392,FAM00560,2024-09-29,Bronx,0,Unknown,Neglect - Educational,Shelter Staff,0.312,CW0036,59,Shelter staff reports child not attending school regularly. Family has been in shelter for 2 months. Caregiver appeared intoxicated.,Unsubstantiated
SCR000393,FAM00601,2024-02-10,Brooklyn,0,Hispanic/Latino,Neglect - Educational,School/Educational Staff,0.321,CW0049,76,Neighbor reports child unsupervised for extended periods. Child seen left alone overnight. Family known to shelter system.,Unsubstantiated
SCR000394,FAM00488,2022-09-06,Bronx,4,White,Domestic Violence Exposure,Anonymous,0.136,CW0044,39,Shelter staff reports child not attending school regularly. Family has been in shelter for 2 months. Caregiver appeared intoxicated.,Substantiated
SCR000395,FAM00237,2024-09-20,Manhattan,6,Unknown,Neglect - Educational,Law Enforcement,0.445,CW0048,64,Medical staff observed bruising on arms during routine checkup. Child disclosed hitting at home. Prior ACS history: one prior report in 2022 unsubstantiated.,Unfounded
SCR000396,FAM00272,2021-08-01,Queens,12,Black/African American,Neglect - Inadequate Food/Clothing/Shelter,Anonymous,0.16,CW0030,65,Anonymous caller reports child left alone overnight. Unable to verify no food in home. Two prior substantiated reports.,Unfounded
SCR000397,FAM00189,2021-10-03,Bronx,10,White,Neglect - Inadequate Food/Clothing/Shelter,Anonymous,0.098,CW0013,62,Reporter states child appeared disheveled and hungry at school. Child reported parent unable to be reached. Family has no prior ACS involvement.,Unsubstantiated
SCR000398,FAM00447,2022-06-26,Queens,6,Hispanic/Latino,Neglect - Inadequate Food/Clothing/Shelter,Daycare/Childcare,0.316,CW0043,30,Anonymous caller reports child left alone overnight. Unable to verify no food in home. Two prior substantiated reports.,Unsubstantiated
SCR000399,FAM00581,2021-08-25,Bronx,3,Asian,Neglect - Educational,Hospital/Medical,0.454,CW0016,47,Law enforcement responded to domestic incident. Child present during excessive absences. Child has not seen doctor in over a year.,Unsubstantiated
SCR000400,FAM00247,2021-08-08,Queens,17,Black/African American,Neglect - Educational,Law Enforcement,0.432,CW0026,33,Anonymous caller reports child left alone overnight. Unable to verify no food in home. Two prior substantiated reports.,Unsubstantiated
SCR000401,FAM00076,2024-02-08,Manhattan,5,Unknown,Neglect - Educational,School/Educational Staff,0.338,CW0075,76,Neighbor reports child unsupervised for extended periods. Child seen left alone overnight. Family known to shelter system.,Unsubstantiated
SCR000402,FAM00154,2021-11-15,Queens,6,Black/African American,Neglect - Inadequate Food/Clothing/Shelter,Law Enforcement,0.475,CW0047,56,Anonymous caller reports child left alone overnight. Unable to verify no food in home. Two prior substantiated reports.,Unsubstantiated
SCR000403,FAM00435,2022-07-12,Bronx,2,Black/African American,Neglect - Inadequate Food/Clothing/Shelter,School/Educational Staff,0.392,CW0037,54,Law enforcement responded to domestic incident. Child present during excessive absences. Child has not seen doctor in over a year.,Substantiated
SCR000404,FAM00086,2022-08-01,Staten Island,12,White,Neglect - Inadequate Supervision,Daycare/Childcare,0.372,CW0003,57,Reporter states child appeared disheveled and hungry at school. Child reported parent unable to be reached. Family has no prior ACS involvement.,Substantiated
SCR000405,FAM00285,2024-05-23,Manhattan,10,Hispanic/Latino,Physical Abuse,School/Educational Staff,0.268,CW0026,51,Medical staff observed bruising on arms during routine checkup. Child disclosed hitting at home. Prior ACS history: one prior report in 2022 unsubstantiated.,Substantiated
SCR000406,FAM00220,2022-03-08,Brooklyn,2,Hispanic/Latino,Emotional Abuse,School/Educational Staff,0.245,CW0015,71,Reporter states child appeared disheveled and hungry at school. Child reported parent unable to be reached. Family has no prior ACS involvement.,Unsubstantiated
SCR000407,FAM00069,2022-12-04,Queens,1,Hispanic/Latino,Neglect - Educational,School/Educational Staff,0.291,CW0066,54,Reporter states child appeared disheveled and hungry at school. Child reported parent unable to be reached. Family has no prior ACS involvement.,Substantiated
SCR000408,FAM00047,2022-02-21,Bronx,10,White,Neglect - Inadequate Food/Clothing/Shelter,School/Educational Staff,0.348,CW0028,46,Neighbor reports child unsupervised for extended periods. Child seen left alone overnight. Family known to shelter system.,Substantiated
SCR000409,FAM00094,2024-11-08,Queens,9,Black/African American,Physical Abuse,Daycare/Childcare,0.441,CW0038,73,Law enforcement responded to domestic incident. Child present during excessive absences. Child has not seen doctor in over a year.,Unsubstantiated
SCR000410,FAM00453,2024-07-22,Bronx,3,Black/African American,Neglect - Inadequate Supervision,Daycare/Childcare,0.371,CW0044,41,Reporter states child appeared disheveled and hungry at school. Child reported parent unable to be reached. Family has no prior ACS involvement.,Still Open
SCR000411,FAM00204,2022-06-25,Manhattan,16,Black/African American,Neglect - Inadequate Supervision,Shelter Staff,0.338,CW0053,45,Reporter states child appeared disheveled and hungry at school. Child reported parent unable to be reached. Family has no prior ACS involvement.,Unsubstantiated
SCR000412,FAM00218,2023-11-02,Brooklyn,1,Hispanic/Latino,Physical Abuse,School/Educational Staff,0.298,CW0004,66,Medical staff observed bruising on arms during routine checkup. Child disclosed hitting at home. Prior ACS history: one prior report in 2022 unsubstantiated.,Unsubstantiated
SCR000413,FAM00474,2023-09-28,Bronx,6,Black/African American,Neglect - Medical,School/Educational Staff,0.341,CW0072,45,Shelter staff reports child not attending school regularly. Family has been in shelter for 2 months. Caregiver appeared intoxicated.,Unsubstantiated
SCR000414,FAM00432,2022-05-30,Bronx,16,Black/African American,Emotional Abuse,School/Educational Staff,0.351,CW0044,46,Medical staff observed bruising on arms during routine checkup. Child disclosed hitting at home. Prior ACS history: one prior report in 2022 unsubstantiated.,Still Open
SCR000415,FAM00341,2021-04-15,Bronx,5,Hispanic/Latino,Neglect - Inadequate Food/Clothing/Shelter,School/Educational Staff,0.211,CW0046,60,Law enforcement responded to domestic incident. Child present during excessive absences. Child has not seen doctor in over a year.,Unsubstantiated
SCR000416,FAM00551,2021-07-09,Brooklyn,9,Black/African American,Physical Abuse,Family Member,0.199,CW0026,44,Law enforcement responded to domestic incident. Child present during excessive absences. Child has not seen doctor in over a year.,Still Open
SCR000417,FAM00612,2024-07-23,Brooklyn,5,Hispanic/Latino,Neglect - Inadequate Supervision,School/Educational Staff,0.357,CW0013,42,Neighbor reports child unsupervised for extended periods. Child seen left alone overnight. Family known to shelter system.,Substantiated
SCR000418,FAM00289,2023-05-18,Manhattan,3,Asian,Physical Abuse,Hospital/Medical,0.434,CW0069,69,Anonymous caller reports child left alone overnight. Unable to verify no food in home. Two prior substantiated reports.,Unsubstantiated
SCR000419,FAM00254,2022-07-21,Bronx,17,Black/African American,Neglect - Inadequate Food/Clothing/Shelter,School/Educational Staff,0.25,CW0044,56,Anonymous caller reports child left alone overnight. Unable to verify no food in home. Two prior substantiated reports.,Substantiated
SCR000420,FAM00357,2021-04-01,Bronx,5,Hispanic/Latino,Neglect - Educational,School/Educational Staff,0.188,CW0053,50,Anonymous caller reports child left alone overnight. Unable to verify no food in home. Two prior substantiated reports.,Unsubstantiated
SCR000421,FAM00023,2021-01-08,Manhattan,15,Hispanic/Latino,Physical Abuse,Shelter Staff,0.262,CW0051,31,Shelter staff reports child not attending school regularly. Family has been in shelter for 2 months. Caregiver appeared intoxicated.,Unsubstantiated
SCR000422,FAM00522,2022-11-15,Bronx,2,Hispanic/Latino,Neglect - Inadequate Food/Clothing/Shelter,Law Enforcement,0.376,CW0013,37,Law enforcement responded to domestic incident. Child present during excessive absences. Child has not seen doctor in over a year.,Unfounded
SCR000423,FAM00100,2021-09-25,Queens,2,White,Neglect - Inadequate Supervision,School/Educational Staff,0.266,CW0041,71,Shelter staff reports child not attending school regularly. Family has been in shelter for 2 months. Caregiver appeared intoxicated.,Substantiated
SCR000424,FAM00180,2024-07-28,Queens,0,Hispanic/Latino,Neglect - Medical,School/Educational Staff,0.317,CW0011,36,Anonymous caller reports child left alone overnight. Unable to verify no food in home. Two prior substantiated reports.,Unsubstantiated
SCR000425,FAM00223,2022-06-21,Manhattan,9,Hispanic/Latino,Neglect - Educational,Hospital/Medical,0.445,CW0037,39,Anonymous caller reports child left alone overnight. Unable to verify no food in home. Two prior substantiated reports.,Substantiated
SCR000426,FAM00442,2021-11-27,Manhattan,4,Black/African American,Neglect - Inadequate Supervision,School/Educational Staff,0.344,CW0060,33,Medical staff observed bruising on arms during routine checkup. Child disclosed hitting at home. Prior ACS history: one prior report in 2022 unsubstantiated.,Substantiated
SCR000427,FAM00608,2023-06-24,Queens,14,Hispanic/Latino,Neglect - Educational,School/Educational Staff,0.192,CW0032,72,Law enforcement responded to domestic incident. Child present during excessive absences. Child has not seen doctor in over a year.,Unsubstantiated
SCR000428,FAM00325,2024-02-04,Bronx,6,Hispanic/Latino,Emotional Abuse,Neighbor/Community,0.114,CW0045,70,Anonymous caller reports child left alone overnight. Unable to verify no food in home. Two prior substantiated reports.,Still Open
SCR000429,FAM00516,2024-12-16,Bronx,16,Black/African American,Physical Abuse,Law Enforcement,0.365,CW0018,65,Reporter states child appeared disheveled and hungry at school. Child reported parent unable to be reached. Family has no prior ACS involvement.,Unfounded
SCR000430,FAM00016,2023-05-26,Bronx,2,Black/African American,Neglect - Inadequate Supervision,Shelter Staff,0.309,CW0079,64,Law enforcement responded to domestic incident. Child present during excessive absences. Child has not seen doctor in over a year.,Unsubstantiated
SCR000431,FAM00336,2024-02-23,Queens,14,Unknown,Physical Abuse,Hospital/Medical,0.444,CW0020,72,Shelter staff reports child not attending school regularly. Family has been in shelter for 2 months. Caregiver appeared intoxicated.,Unsubstantiated
SCR000432,FAM00258,2021-01-20,Bronx,12,Hispanic/Latino,Neglect - Inadequate Supervision,Hospital/Medical,0.444,CW0044,32,Law enforcement responded to domestic incident. Child present during excessive absences. Child has not seen doctor in over a year.,Unsubstantiated
SCR000433,FAM00497,2021-08-18,Manhattan,12,Hispanic/Latino,Emotional Abuse,Shelter Staff,0.261,CW0036,47,Neighbor reports child unsupervised for extended periods. Child seen left alone overnight. Family known to shelter system.,Substantiated
SCR000434,FAM00160,2021-06-04,Staten Island,13,Multiracial,Neglect - Inadequate Food/Clothing/Shelter,Daycare/Childcare,0.334,CW0069,75,Reporter states child appeared disheveled and hungry at school. Child reported parent unable to be reached. Family has no prior ACS involvement.,Unfounded
SCR000435,FAM00475,2024-11-16,Queens,12,White,Neglect - Inadequate Supervision,Daycare/Childcare,0.314,CW0037,72,Anonymous caller reports child left alone overnight. Unable to verify no food in home. Two prior substantiated reports.,Unfounded
SCR000436,FAM00380,2021-11-02,Brooklyn,9,Hispanic/Latino,Neglect - Medical,School/Educational Staff,0.348,CW0033,53,Neighbor reports child unsupervised for extended periods. Child seen left alone overnight. Family known to shelter system.,Substantiated
SCR000437,FAM00545,2024-01-23,Bronx,1,White,Neglect - Inadequate Supervision,Shelter Staff,0.234,CW0019,61,Medical staff observed bruising on arms during routine checkup. Child disclosed hitting at home. Prior ACS history: one prior report in 2022 unsubstantiated.,Unfounded
SCR000438,FAM00427,2021-03-15,Queens,0,Asian,Neglect - Educational,Hospital/Medical,0.463,CW0051,63,Law enforcement responded to domestic incident. Child present during excessive absences. Child has not seen doctor in over a year.,Substantiated
SCR000439,FAM00613,2023-01-27,Manhattan,15,Hispanic/Latino,Neglect - Inadequate Food/Clothing/Shelter,Family Member,0.23,CW0032,31,Law enforcement responded to domestic incident. Child present during excessive absences. Child has not seen doctor in over a year.,Substantiated
SCR000440,FAM00268,2024-04-07,Bronx,9,Hispanic/Latino,Domestic Violence Exposure,Law Enforcement,0.378,CW0022,31,Medical staff observed bruising on arms during routine checkup. Child disclosed hitting at home. Prior ACS history: one prior report in 2022 unsubstantiated.,Unfounded
SCR000441,FAM00577,2024-02-06,Bronx,12,Hispanic/Latino,Neglect - Inadequate Supervision,Shelter Staff,0.247,CW0001,39,Neighbor reports child unsupervised for extended periods. Child seen left alone overnight. Family known to shelter system.,Unsubstantiated
SCR000442,FAM00417,2021-10-31,Queens,6,Unknown,Neglect - Educational,School/Educational Staff,0.242,CW0054,52,Reporter states child appeared disheveled and hungry at school. Child reported parent unable to be reached. Family has no prior ACS involvement.,Substantiated
SCR000443,FAM00168,2023-05-31,Manhattan,1,Hispanic/Latino,Neglect - Inadequate Supervision,Law Enforcement,0.348,CW0020,44,Anonymous caller reports child left alone overnight. Unable to verify no food in home. Two prior substantiated reports.,Still Open
SCR000444,FAM00043,2021-09-19,Queens,1,Black/African American,Neglect - Inadequate Food/Clothing/Shelter,School/Educational Staff,0.293,CW0058,41,Neighbor reports child unsupervised for extended periods. Child seen left alone overnight. Family known to shelter system.,Unfounded
SCR000445,FAM00556,2021-03-27,Queens,10,Asian,Neglect - Educational,Hospital/Medical,0.302,CW0035,72,Shelter staff reports child not attending school regularly. Family has been in shelter for 2 months. Caregiver appeared intoxicated.,Unfounded
SCR000446,FAM00285,2022-09-24,Brooklyn,6,Hispanic/Latino,Physical Abuse,School/Educational Staff,0.3,CW0070,46,Anonymous caller reports child left alone overnight. Unable to verify no food in home. Two prior substantiated reports.,Unfounded
SCR000447,FAM00397,2023-01-17,Brooklyn,2,Black/African American,Domestic Violence Exposure,Daycare/Childcare,0.396,CW0070,47,Neighbor reports child unsupervised for extended periods. Child seen left alone overnight. Family known to shelter system.,Unfounded
SCR000448,FAM00012,2021-03-23,Brooklyn,7,Hispanic/Latino,Neglect - Inadequate Food/Clothing/Shelter,School/Educational Staff,0.338,CW0061,43,Reporter states child appeared disheveled and hungry at school. Child reported parent unable to be reached. Family has no prior ACS involvement.,Still Open
SCR000449,FAM00607,2023-01-03,Brooklyn,0,Hispanic/Latino,Neglect - Inadequate Supervision,Hospital/Medical,0.395,CW0063,46,Law enforcement responded to domestic incident. Child present during excessive absences. Child has not seen doctor in over a year.,Still Open
SCR000450,FAM00302,2022-03-07,Brooklyn,8,Asian,Neglect - Inadequate Supervision,Family Member,0.222,CW0061,44,Neighbor reports child unsupervised for extended periods. Child seen left alone overnight. Family known to shelter system.,Unsubstantiated
SCR000451,FAM00253,2024-10-28,Queens,3,Black/African American,Neglect - Educational,School/Educational Staff,0.282,CW0057,41,Medical staff observed bruising on arms during routine checkup. Child disclosed hitting at home. Prior ACS history: one prior report in 2022 unsubstantiated.,Substantiated
SCR000452,FAM00499,2022-05-27,Manhattan,12,White,Neglect - Medical,Shelter Staff,0.287,CW0003,45,Reporter states child appeared disheveled and hungry at school. Child reported parent unable to be reached. Family has no prior ACS involvement.,Unsubstantiated
SCR000453,FAM00035,2024-09-27,Queens,4,Hispanic/Latino,Neglect - Inadequate Supervision,Hospital/Medical,0.497,CW0045,61,Law enforcement responded to domestic incident. Child present during excessive absences. Child has not seen doctor in over a year.,Unsubstantiated
SCR000454,FAM00090,2021-07-30,Brooklyn,6,Black/African American,Neglect - Inadequate Supervision,School/Educational Staff,0.358,CW0015,52,Reporter states child appeared disheveled and hungry at school. Child reported parent unable to be reached. Family has no prior ACS involvement.,Still Open
SCR000455,FAM00605,2022-12-26,Manhattan,0,Unknown,Physical Abuse,Anonymous,0.166,CW0017,67,Anonymous caller reports child left alone overnight. Unable to verify no food in home. Two prior substantiated reports.,Unfounded
SCR000456,FAM00602,2024-02-21,Manhattan,0,Hispanic/Latino,Neglect - Inadequate Food/Clothing/Shelter,School/Educational Staff,0.285,CW0015,63,Medical staff observed bruising on arms during routine checkup. Child disclosed hitting at home. Prior ACS history: one prior report in 2022 unsubstantiated.,Unsubstantiated
SCR000457,FAM00418,2023-04-13,Manhattan,5,Black/African American,Physical Abuse,Shelter Staff,0.317,CW0005,63,Anonymous caller reports child left alone overnight. Unable to verify no food in home. Two prior substantiated reports.,Unfounded
SCR000458,FAM00115,2024-06-25,Manhattan,6,Hispanic/Latino,Neglect - Educational,Shelter Staff,0.196,CW0046,45,Anonymous caller reports child left alone overnight. Unable to verify no food in home. Two prior substantiated reports.,Unfounded
SCR000459,FAM00617,2021-11-13,Bronx,8,Asian,Emotional Abuse,Law Enforcement,0.367,CW0011,63,Shelter staff reports child not attending school regularly. Family has been in shelter for 2 months. Caregiver appeared intoxicated.,Still Open
SCR000460,FAM00196,2022-04-30,Brooklyn,3,Black/African American,Neglect - Medical,Daycare/Childcare,0.379,CW0064,69,Reporter states child appeared disheveled and hungry at school. Child reported parent unable to be reached. Family has no prior ACS involvement.,Unsubstantiated
SCR000461,FAM00501,2021-11-29,Bronx,10,Black/African American,Physical Abuse,School/Educational Staff,0.347,CW0014,36,Reporter states child appeared disheveled and hungry at school. Child reported parent unable to be reached. Family has no prior ACS involvement.,Substantiated
SCR000462,FAM00626,2021-12-29,Brooklyn,14,Black/African American,Domestic Violence Exposure,School/Educational Staff,0.343,CW0039,62,Neighbor reports child unsupervised for extended periods. Child seen left alone overnight. Family known to shelter system.,Substantiated
SCR000463,FAM00493,2023-04-25,Brooklyn,12,Black/African American,Neglect - Educational,Daycare/Childcare,0.365,CW0067,33,Medical staff observed bruising on arms during routine checkup. Child disclosed hitting at home. Prior ACS history: one prior report in 2022 unsubstantiated.,Unsubstantiated
SCR000464,FAM00075,2021-02-20,Manhattan,0,White,Neglect - Inadequate Food/Clothing/Shelter,Shelter Staff,0.27,CW0055,72,Medical staff observed bruising on arms during routine checkup. Child disclosed hitting at home. Prior ACS history: one prior report in 2022 unsubstantiated.,Still Open
SCR000465,FAM00413,2022-01-03,Staten Island,6,Hispanic/Latino,Physical Abuse,Anonymous,0.167,CW0042,36,Shelter staff reports child not attending school regularly. Family has been in shelter for 2 months. Caregiver appeared intoxicated.,Still Open
SCR000466,FAM00376,2022-11-12,Manhattan,1,Black/African American,Neglect - Inadequate Food/Clothing/Shelter,Anonymous,0.092,CW0075,47,Medical staff observed bruising on arms during routine checkup. Child disclosed hitting at home. Prior ACS history: one prior report in 2022 unsubstantiated.,Still Open
SCR000467,FAM00420,2023-04-24,Manhattan,3,Black/African American,Neglect - Inadequate Supervision,Anonymous,0.098,CW0005,33,Reporter states child appeared disheveled and hungry at school. Child reported parent unable to be reached. Family has no prior ACS involvement.,Unsubstantiated
SCR000468,FAM00277,2024-10-03,Brooklyn,17,Black/African American,Neglect - Inadequate Supervision,Shelter Staff,0.283,CW0052,78,Shelter staff reports child not attending school regularly. Family has been in shelter for 2 months. Caregiver appeared intoxicated.,Unsubstantiated
SCR000469,FAM00394,2022-05-24,Manhattan,1,Multiracial,Neglect - Educational,Hospital/Medical,0.429,CW0022,40,Medical staff observed bruising on arms during routine checkup. Child disclosed hitting at home. Prior ACS history: one prior report in 2022 unsubstantiated.,Substantiated
SCR000470,FAM00457,2022-07-01,Bronx,7,Black/African American,Neglect - Inadequate Supervision,Anonymous,0.049,CW0077,72,Shelter staff reports child not attending school regularly. Family has been in shelter for 2 months. Caregiver appeared intoxicated.,Unfounded
SCR000471,FAM00192,2021-11-23,Bronx,9,Unknown,Neglect - Educational,Hospital/Medical,0.443,CW0044,49,Medical staff observed bruising on arms during routine checkup. Child disclosed hitting at home. Prior ACS history: one prior report in 2022 unsubstantiated.,Substantiated
SCR000472,FAM00099,2024-12-07,Brooklyn,10,Hispanic/Latino,Physical Abuse,School/Educational Staff,0.349,CW0059,40,Medical staff observed bruising on arms during routine checkup. Child disclosed hitting at home. Prior ACS history: one prior report in 2022 unsubstantiated.,Unfounded
SCR000473,FAM00548,2021-08-10,Brooklyn,8,Black/African American,Neglect - Inadequate Supervision,Anonymous,0.136,CW0025,44,Neighbor reports child unsupervised for extended periods. Child seen left alone overnight. Family known to shelter system.,Substantiated
SCR000474,FAM00096,2023-02-23,Bronx,0,Multiracial,Neglect - Educational,Family Member,0.339,CW0021,75,Medical staff observed bruising on arms during routine checkup. Child disclosed hitting at home. Prior ACS history: one prior report in 2022 unsubstantiated.,Substantiated
SCR000475,FAM00190,2021-03-21,Bronx,4,Hispanic/Latino,Neglect - Inadequate Food/Clothing/Shelter,Shelter Staff,0.246,CW0064,46,Shelter staff reports child not attending school regularly. Family has been in shelter for 2 months. Caregiver appeared intoxicated.,Unsubstantiated
SCR000476,FAM00037,2023-08-22,Bronx,7,White,Neglect - Inadequate Food/Clothing/Shelter,School/Educational Staff,0.292,CW0068,63,Reporter states child appeared disheveled and hungry at school. Child reported parent unable to be reached. Family has no prior ACS involvement.,Unsubstantiated
SCR000477,FAM00369,2022-04-01,Staten Island,1,Unknown,Sexual Abuse,Hospital/Medical,0.4,CW0047,79,Neighbor reports child unsupervised for extended periods. Child seen left alone overnight. Family known to shelter system.,Still Open
SCR000478,FAM00525,2022-02-13,Brooklyn,4,Black/African American,Neglect - Inadequate Food/Clothing/Shelter,Anonymous,0.136,CW0035,77,Medical staff observed bruising on arms during routine checkup. Child disclosed hitting at home. Prior ACS history: one prior report in 2022 unsubstantiated.,Unfounded
SCR000479,FAM00279,2023-08-01,Brooklyn,0,Black/African American,Neglect - Inadequate Supervision,Family Member,0.204,CW0007,41,Medical staff observed bruising on arms during routine checkup. Child disclosed hitting at home. Prior ACS history: one prior report in 2022 unsubstantiated.,Unsubstantiated
SCR000480,FAM00217,2022-12-18,Bronx,0,White,Emotional Abuse,School/Educational Staff,0.24,CW0056,71,Shelter staff reports child not attending school regularly. Family has been in shelter for 2 months. Caregiver appeared intoxicated.,Still Open
SCR000481,FAM00273,2022-09-18,Manhattan,5,Black/African American,Neglect - Inadequate Food/Clothing/Shelter,School/Educational Staff,0.283,CW0052,57,Neighbor reports child unsupervised for extended periods. Child seen left alone overnight. Family known to shelter system.,Substantiated
SCR000482,FAM00062,2022-04-12,Bronx,1,Black/African American,Neglect - Educational,Family Member,0.215,CW0046,77,Medical staff observed bruising on arms during routine checkup. Child disclosed hitting at home. Prior ACS history: one prior report in 2022 unsubstantiated.,Unsubstantiated
SCR000483,FAM00596,2022-04-02,Bronx,8,Black/African American,Neglect - Inadequate Food/Clothing/Shelter,Hospital/Medical,0.481,CW0009,64,Reporter states child appeared disheveled and hungry at school. Child reported parent unable to be reached. Family has no prior ACS involvement.,Unsubstantiated
SCR000484,FAM00342,2021-02-18,Brooklyn,10,Black/African American,Neglect - Medical,Shelter Staff,0.39,CW0058,37,Anonymous caller reports child left alone overnight. Unable to verify no food in home. Two prior substantiated reports.,Substantiated
SCR000485,FAM00397,2024-09-13,Bronx,12,White,Neglect - Inadequate Supervision,Neighbor/Community,0.247,CW0023,56,Reporter states child appeared disheveled and hungry at school. Child reported parent unable to be reached. Family has no prior ACS involvement.,Unsubstantiated
SCR000486,FAM00019,2022-01-31,Bronx,2,Black/African American,Neglect - Inadequate Supervision,School/Educational Staff,0.271,CW0003,51,Medical staff observed bruising on arms during routine checkup. Child disclosed hitting at home. Prior ACS history: one prior report in 2022 unsubstantiated.,Substantiated
SCR000487,FAM00177,2023-03-28,Bronx,2,Hispanic/Latino,Neglect - Educational,Law Enforcement,0.345,CW0061,53,Reporter states child appeared disheveled and hungry at school. Child reported parent unable to be reached. Family has no prior ACS involvement.,Unfounded
SCR000488,FAM00612,2022-11-04,Bronx,1,Hispanic/Latino,Neglect - Educational,School/Educational Staff,0.302,CW0009,31,Neighbor reports child unsupervised for extended periods. Child seen left alone overnight. Family known to shelter system.,Substantiated
SCR000489,FAM00396,2022-07-25,Bronx,9,Hispanic/Latino,Neglect - Inadequate Food/Clothing/Shelter,Hospital/Medical,0.509,CW0053,60,Medical staff observed bruising on arms during routine checkup. Child disclosed hitting at home. Prior ACS history: one prior report in 2022 unsubstantiated.,Unsubstantiated
SCR000490,FAM00445,2021-05-23,Brooklyn,10,Black/African American,Neglect - Inadequate Food/Clothing/Shelter,Anonymous,0.132,CW0068,51,Shelter staff reports child not attending school regularly. Family has been in shelter for 2 months. Caregiver appeared intoxicated.,Unsubstantiated
SCR000491,FAM00233,2022-07-26,Queens,0,White,Neglect - Educational,Hospital/Medical,0.354,CW0049,30,Neighbor reports child unsupervised for extended periods. Child seen left alone overnight. Family known to shelter system.,Unsubstantiated
SCR000492,FAM00076,2022-12-21,Brooklyn,16,Black/African American,Neglect - Medical,Social Service Provider,0.305,CW0070,43,Reporter states child appeared disheveled and hungry at school. Child reported parent unable to be reached. Family has no prior ACS involvement.,Substantiated
SCR000493,FAM00265,2024-08-06,Brooklyn,0,White,Emotional Abuse,Shelter Staff,0.318,CW0048,54,Medical staff observed bruising on arms during routine checkup. Child disclosed hitting at home. Prior ACS history: one prior report in 2022 unsubstantiated.,Unsubstantiated
SCR000494,FAM00455,2023-11-10,Bronx,7,Multiracial,Neglect - Inadequate Food/Clothing/Shelter,Hospital/Medical,0.454,CW0007,65,Neighbor reports child unsupervised for extended periods. Child seen left alone overnight. Family known to shelter system.,Unsubstantiated
SCR000495,FAM00384,2023-03-30,Queens,10,Hispanic/Latino,Emotional Abuse,School/Educational Staff,0.3,CW0031,65,Reporter states child appeared disheveled and hungry at school. Child reported parent unable to be reached. Family has no prior ACS involvement.,Unsubstantiated
SCR000496,FAM00564,2024-10-23,Brooklyn,14,Hispanic/Latino,Neglect - Educational,Hospital/Medical,0.454,CW0056,70,Medical staff observed bruising on arms during routine checkup. Child disclosed hitting at home. Prior ACS history: one prior report in 2022 unsubstantiated.,Unsubstantiated
SCR000497,FAM00506,2024-01-04,Bronx,11,Hispanic/Latino,Neglect - Inadequate Food/Clothing/Shelter,Hospital/Medical,0.306,CW0061,32,Anonymous caller reports child left alone overnight. Unable to verify no food in home. Two prior substantiated reports.,Unsubstantiated
SCR000498,FAM00367,2022-11-10,Manhattan,12,Hispanic/Latino,Physical Abuse,School/Educational Staff,0.315,CW0005,34,Law enforcement responded to domestic incident. Child present during excessive absences. Child has not seen doctor in over a year.,Substantiated
SCR000499,FAM00144,2021-02-26,Bronx,4,Asian,Emotional Abuse,Hospital/Medical,0.463,CW0030,30,Shelter staff reports child not attending school regularly. Family has been in shelter for 2 months. Caregiver appeared intoxicated.,Unsubstantiated
SCR000500,FAM00069,2021-08-25,Brooklyn,13,Multiracial,Emotional Abuse,Shelter Staff,0.238,CW0022,48,Reporter states child appeared disheveled and hungry at school. Child reported parent unable to be reached. Family has no prior ACS involvement.,Unsubstantiated
SCR000501,FAM00099,2022-06-19,Brooklyn,1,Black/African American,Neglect - Inadequate Supervision,Daycare/Childcare,0.308,CW0017,62,Anonymous caller reports child left alone overnight. Unable to verify no food in home. Two prior substantiated reports.,Still Open
SCR000502,FAM00396,2022-01-01,Queens,15,Hispanic/Latino,Neglect - Medical,Law Enforcement,0.287,CW0010,71,Reporter states child appeared disheveled and hungry at school. Child reported parent unable to be reached. Family has no prior ACS involvement.,Still Open
SCR000503,FAM00025,2024-04-04,Brooklyn,7,Multiracial,Neglect - Educational,Daycare/Childcare,0.429,CW0071,59,Law enforcement responded to domestic incident. Child present during excessive absences. Child has not seen doctor in over a year.,Unsubstantiated
SCR000504,FAM00469,2022-06-28,Manhattan,13,Unknown,Sexual Abuse,School/Educational Staff,0.274,CW0068,41,Law enforcement responded to domestic incident. Child present during excessive absences. Child has not seen doctor in over a year.,Substantiated
SCR000505,FAM00484,2021-03-20,Staten Island,6,Hispanic/Latino,Domestic Violence Exposure,School/Educational Staff,0.322,CW0042,39,Neighbor reports child unsupervised for extended periods. Child seen left alone overnight. Family known to shelter system.,Substantiated
SCR000506,FAM00565,2021-08-11,Bronx,9,Hispanic/Latino,Neglect - Educational,Law Enforcement,0.41,CW0027,63,Shelter staff reports child not attending school regularly. Family has been in shelter for 2 months. Caregiver appeared intoxicated.,Substantiated
SCR000507,FAM00151,2024-05-06,Bronx,7,Black/African American,Physical Abuse,Shelter Staff,0.356,CW0007,45,Shelter staff reports child not attending school regularly. Family has been in shelter for 2 months. Caregiver appeared intoxicated.,Unsubstantiated
SCR000508,FAM00144,2023-06-09,Brooklyn,11,Unknown,Neglect - Educational,School/Educational Staff,0.302,CW0023,69,Reporter states child appeared disheveled and hungry at school. Child reported parent unable to be reached. Family has no prior ACS involvement.,Unfounded
SCR000509,FAM00569,2022-12-09,Brooklyn,1,Black/African American,Neglect - Inadequate Supervision,Anonymous,0.113,CW0075,75,Law enforcement responded to domestic incident. Child present during excessive absences. Child has not seen doctor in over a year.,Substantiated
SCR000510,FAM00039,2022-10-05,Brooklyn,0,Hispanic/Latino,Neglect - Inadequate Food/Clothing/Shelter,Anonymous,0.149,CW0008,58,Shelter staff reports child not attending school regularly. Family has been in shelter for 2 months. Caregiver appeared intoxicated.,Unfounded
SCR000511,FAM00109,2023-06-13,Queens,3,Black/African American,Neglect - Inadequate Food/Clothing/Shelter,Shelter Staff,0.344,CW0008,44,Medical staff observed bruising on arms during routine checkup. Child disclosed hitting at home. Prior ACS history: one prior report in 2022 unsubstantiated.,Unsubstantiated
SCR000512,FAM00042,2024-05-26,Manhattan,1,Black/African American,Neglect - Medical,School/Educational Staff,0.301,CW0005,77,Shelter staff reports child not attending school regularly. Family has been in shelter for 2 months. Caregiver appeared intoxicated.,Substantiated
SCR000513,FAM00186,2023-11-14,Manhattan,14,Hispanic/Latino,Physical Abuse,Anonymous,0.092,CW0071,40,Reporter states child appeared disheveled and hungry at school. Child reported parent unable to be reached. Family has no prior ACS involvement.,Substantiated
SCR000514,FAM00398,2021-08-25,Brooklyn,2,Unknown,Neglect - Inadequate Food/Clothing/Shelter,Law Enforcement,0.303,CW0002,73,Anonymous caller reports child left alone overnight. Unable to verify no food in home. Two prior substantiated reports.,Unsubstantiated
SCR000515,FAM00223,2023-02-28,Queens,17,Black/African American,Emotional Abuse,Anonymous,0.079,CW0051,63,Anonymous caller reports child left alone overnight. Unable to verify no food in home. Two prior substantiated reports.,Unsubstantiated
SCR000516,FAM00634,2024-03-26,Staten Island,4,Hispanic/Latino,Domestic Violence Exposure,Daycare/Childcare,0.393,CW0066,65,Shelter staff reports child not attending school regularly. Family has been in shelter for 2 months. Caregiver appeared intoxicated.,Still Open
SCR000517,FAM00133,2022-01-25,Queens,2,Black/African American,Neglect - Educational,Anonymous,0.124,CW0012,59,Neighbor reports child unsupervised for extended periods. Child seen left alone overnight. Family known to shelter system.,Unsubstantiated
SCR000518,FAM00163,2022-06-06,Bronx,12,Black/African American,Domestic Violence Exposure,Shelter Staff,0.25,CW0047,64,Law enforcement responded to domestic incident. Child present during excessive absences. Child has not seen doctor in over a year.,Still Open
SCR000519,FAM00215,2021-04-01,Manhattan,9,Hispanic/Latino,Neglect - Educational,School/Educational Staff,0.274,CW0055,38,Anonymous caller reports child left alone overnight. Unable to verify no food in home. Two prior substantiated reports.,Unsubstantiated
SCR000520,FAM00235,2024-12-22,Bronx,7,Hispanic/Latino,Emotional Abuse,Law Enforcement,0.384,CW0026,47,Reporter states child appeared disheveled and hungry at school. Child reported parent unable to be reached. Family has no prior ACS involvement.,Unsubstantiated
SCR000521,FAM00588,2023-06-13,Bronx,8,Black/African American,Neglect - Inadequate Supervision,Law Enforcement,0.368,CW0045,48,Reporter states child appeared disheveled and hungry at school. Child reported parent unable to be reached. Family has no prior ACS involvement.,Substantiated
SCR000522,FAM00009,2021-01-04,Bronx,11,Black/African American,Neglect - Educational,Daycare/Childcare,0.336,CW0062,68,Law enforcement responded to domestic incident. Child present during excessive absences. Child has not seen doctor in over a year.,Unsubstantiated
SCR000523,FAM00074,2023-12-01,Manhattan,2,Black/African American,Neglect - Inadequate Food/Clothing/Shelter,School/Educational Staff,0.377,CW0070,33,Law enforcement responded to domestic incident. Child present during excessive absences. Child has not seen doctor in over a year.,Unfounded
SCR000524,FAM00492,2024-01-08,Manhattan,17,Black/African American,Physical Abuse,School/Educational Staff,0.387,CW0002,35,Law enforcement responded to domestic incident. Child present during excessive absences. Child has not seen doctor in over a year.,Unfounded
SCR000525,FAM00253,2024-11-07,Bronx,17,Unknown,Neglect - Inadequate Supervision,Family Member,0.139,CW0026,62,Anonymous caller reports child left alone overnight. Unable to verify no food in home. Two prior substantiated reports.,Substantiated
SCR000526,FAM00230,2024-10-05,Brooklyn,9,Unknown,Neglect - Educational,Daycare/Childcare,0.366,CW0014,61,Reporter states child appeared disheveled and hungry at school. Child reported parent unable to be reached. Family has no prior ACS involvement.,Substantiated
SCR000527,FAM00519,2022-02-08,Brooklyn,2,Black/African American,Neglect - Inadequate Food/Clothing/Shelter,Family Member,0.181,CW0057,45,Law enforcement responded to domestic incident. Child present during excessive absences. Child has not seen doctor in over a year.,Unfounded
SCR000528,FAM00174,2023-01-16,Brooklyn,10,Hispanic/Latino,Neglect - Medical,Daycare/Childcare,0.338,CW0032,40,Anonymous caller reports child left alone overnight. Unable to verify no food in home. Two prior substantiated reports.,Unsubstantiated
SCR000529,FAM00168,2023-06-03,Bronx,0,Multiracial,Neglect - Inadequate Supervision,Law Enforcement,0.395,CW0062,51,Law enforcement responded to domestic incident. Child present during excessive absences. Child has not seen doctor in over a year.,Unfounded
SCR000530,FAM00170,2021-05-24,Brooklyn,0,Black/African American,Neglect - Inadequate Supervision,Law Enforcement,0.369,CW0078,65,Reporter states child appeared disheveled and hungry at school. Child reported parent unable to be reached. Family has no prior ACS involvement.,Unsubstantiated
SCR000531,FAM00393,2024-09-22,Manhattan,3,White,Neglect - Inadequate Food/Clothing/Shelter,Family Member,0.232,CW0030,79,Reporter states child appeared disheveled and hungry at school. Child reported parent unable to be reached. Family has no prior ACS involvement.,Unsubstantiated
SCR000532,FAM00634,2022-11-08,Bronx,6,Unknown,Neglect - Educational,Shelter Staff,0.314,CW0013,52,Neighbor reports child unsupervised for extended periods. Child seen left alone overnight. Family known to shelter system.,Substantiated
SCR000533,FAM00194,2024-06-30,Bronx,14,Black/African American,Emotional Abuse,Law Enforcement,0.395,CW0040,55,Shelter staff reports child not attending school regularly. Family has been in shelter for 2 months. Caregiver appeared intoxicated.,Substantiated
SCR000534,FAM00517,2022-10-05,Brooklyn,11,Black/African American,Emotional Abuse,School/Educational Staff,0.278,CW0031,60,Medical staff observed bruising on arms during routine checkup. Child disclosed hitting at home. Prior ACS history: one prior report in 2022 unsubstantiated.,Unsubstantiated
SCR000535,FAM00029,2024-09-20,Staten Island,11,Unknown,Neglect - Inadequate Food/Clothing/Shelter,Shelter Staff,0.249,CW0037,58,Reporter states child appeared disheveled and hungry at school. Child reported parent unable to be reached. Family has no prior ACS involvement.,Unsubstantiated
SCR000536,FAM00165,2021-09-13,Manhattan,5,Hispanic/Latino,Neglect - Inadequate Supervision,Daycare/Childcare,0.278,CW0045,34,Medical staff observed bruising on arms during routine checkup. Child disclosed hitting at home. Prior ACS history: one prior report in 2022 unsubstantiated.,Substantiated
SCR000537,FAM00422,2022-09-08,Manhattan,4,Black/African American,Emotional Abuse,School/Educational Staff,0.267,CW0059,67,Neighbor reports child unsupervised for extended periods. Child seen left alone overnight. Family known to shelter system.,Unsubstantiated
SCR000538,FAM00339,2023-11-05,Brooklyn,5,Black/African American,Neglect - Inadequate Food/Clothing/Shelter,School/Educational Staff,0.408,CW0028,54,Shelter staff reports child not attending school regularly. Family has been in shelter for 2 months. Caregiver appeared intoxicated.,Substantiated
SCR000539,FAM00648,2022-09-26,Manhattan,17,Hispanic/Latino,Emotional Abuse,Hospital/Medical,0.38,CW0061,63,Anonymous caller reports child left alone overnight. Unable to verify no food in home. Two prior substantiated reports.,Substantiated
SCR000540,FAM00496,2024-09-27,Bronx,0,Hispanic/Latino,Physical Abuse,School/Educational Staff,0.25,CW0019,41,Shelter staff reports child not attending school regularly. Family has been in shelter for 2 months. Caregiver appeared intoxicated.,Unsubstantiated
SCR000541,FAM00365,2023-04-17,Manhattan,14,White,Emotional Abuse,School/Educational Staff,0.326,CW0043,51,Shelter staff reports child not attending school regularly. Family has been in shelter for 2 months. Caregiver appeared intoxicated.,Unsubstantiated
SCR000542,FAM00342,2022-10-31,Queens,8,Unknown,Neglect - Inadequate Food/Clothing/Shelter,Hospital/Medical,0.414,CW0059,38,Anonymous caller reports child left alone overnight. Unable to verify no food in home. Two prior substantiated reports.,Substantiated
SCR000543,FAM00500,2023-04-05,Manhattan,6,Black/African American,Neglect - Inadequate Supervision,Family Member,0.21,CW0016,49,Neighbor reports child unsupervised for extended periods. Child seen left alone overnight. Family known to shelter system.,Unsubstantiated
SCR000544,FAM00511,2024-11-28,Queens,11,Hispanic/Latino,Domestic Violence Exposure,Shelter Staff,0.35,CW0069,58,Law enforcement responded to domestic incident. Child present during excessive absences. Child has not seen doctor in over a year.,Unsubstantiated
SCR000545,FAM00327,2022-08-29,Manhattan,6,Hispanic/Latino,Neglect - Inadequate Food/Clothing/Shelter,School/Educational Staff,0.337,CW0044,73,Shelter staff reports child not attending school regularly. Family has been in shelter for 2 months. Caregiver appeared intoxicated.,Unsubstantiated
SCR000546,FAM00217,2024-02-10,Bronx,14,Hispanic/Latino,Physical Abuse,School/Educational Staff,0.284,CW0066,58,Shelter staff reports child not attending school regularly. Family has been in shelter for 2 months. Caregiver appeared intoxicated.,Still Open
SCR000547,FAM00301,2021-09-18,Queens,15,Black/African American,Neglect - Inadequate Supervision,Daycare/Childcare,0.329,CW0010,74,Neighbor reports child unsupervised for extended periods. Child seen left alone overnight. Family known to shelter system.,Unsubstantiated
SCR000548,FAM00132,2022-01-28,Bronx,5,Unknown,Physical Abuse,Hospital/Medical,0.395,CW0047,56,Law enforcement responded to domestic incident. Child present during excessive absences. Child has not seen doctor in over a year.,Still Open
SCR000549,FAM00070,2023-05-12,Brooklyn,3,Asian,Neglect - Inadequate Food/Clothing/Shelter,Anonymous,0.184,CW0019,46,Shelter staff reports child not attending school regularly. Family has been in shelter for 2 months. Caregiver appeared intoxicated.,Substantiated
SCR000550,FAM00252,2024-09-23,Bronx,8,Hispanic/Latino,Neglect - Educational,Law Enforcement,0.365,CW0051,34,Shelter staff reports child not attending school regularly. Family has been in shelter for 2 months. Caregiver appeared intoxicated.,Substantiated
SCR000551,FAM00415,2023-02-16,Bronx,15,Hispanic/Latino,Neglect - Educational,Anonymous,0.05,CW0013,74,Law enforcement responded to domestic incident. Child present during excessive absences. Child has not seen doctor in over a year.,Substantiated
SCR000552,FAM00445,2024-10-19,Brooklyn,2,Black/African American,Physical Abuse,School/Educational Staff,0.308,CW0063,42,Reporter states child appeared disheveled and hungry at school. Child reported parent unable to be reached. Family has no prior ACS involvement.,Unsubstantiated
SCR000553,FAM00182,2021-12-23,Bronx,9,Hispanic/Latino,Emotional Abuse,Daycare/Childcare,0.273,CW0016,71,Anonymous caller reports child left alone overnight. Unable to verify no food in home. Two prior substantiated reports.,Unsubstantiated
SCR000554,FAM00167,2024-06-14,Brooklyn,9,Hispanic/Latino,Neglect - Inadequate Food/Clothing/Shelter,School/Educational Staff,0.419,CW0053,44,Reporter states child appeared disheveled and hungry at school. Child reported parent unable to be reached. Family has no prior ACS involvement.,Substantiated
SCR000555,FAM00091,2024-03-11,Brooklyn,11,Hispanic/Latino,Neglect - Inadequate Supervision,Neighbor/Community,0.132,CW0035,44,Anonymous caller reports child left alone overnight. Unable to verify no food in home. Two prior substantiated reports.,Substantiated
SCR000556,FAM00531,2022-09-09,Bronx,1,Unknown,Physical Abuse,Law Enforcement,0.372,CW0059,47,Anonymous caller reports child left alone overnight. Unable to verify no food in home. Two prior substantiated reports.,Substantiated
SCR000557,FAM00039,2023-04-12,Bronx,11,Hispanic/Latino,Neglect - Educational,Hospital/Medical,0.433,CW0039,79,Shelter staff reports child not attending school regularly. Family has been in shelter for 2 months. Caregiver appeared intoxicated.,Substantiated
SCR000558,FAM00126,2024-01-28,Brooklyn,15,Black/African American,Neglect - Inadequate Food/Clothing/Shelter,School/Educational Staff,0.296,CW0067,31,Anonymous caller reports child left alone overnight. Unable to verify no food in home. Two prior substantiated reports.,Substantiated
SCR000559,FAM00451,2021-01-01,Brooklyn,2,White,Neglect - Educational,School/Educational Staff,0.295,CW0073,52,Medical staff observed bruising on arms during routine checkup. Child disclosed hitting at home. Prior ACS history: one prior report in 2022 unsubstantiated.,Unsubstantiated
SCR000560,FAM00173,2022-09-15,Manhattan,3,Black/African American,Neglect - Educational,Daycare/Childcare,0.371,CW0061,72,Law enforcement responded to domestic incident. Child present during excessive absences. Child has not seen doctor in over a year.,Substantiated
SCR000561,FAM00220,2022-08-11,Manhattan,17,Hispanic/Latino,Neglect - Inadequate Supervision,School/Educational Staff,0.386,CW0050,42,Law enforcement responded to domestic incident. Child present during excessive absences. Child has not seen doctor in over a year.,Still Open
SCR000562,FAM00638,2022-03-07,Queens,2,Black/African American,Neglect - Inadequate Supervision,Law Enforcement,0.418,CW0053,72,Medical staff observed bruising on arms during routine checkup. Child disclosed hitting at home. Prior ACS history: one prior report in 2022 unsubstantiated.,Unfounded
SCR000563,FAM00058,2023-05-31,Manhattan,14,Hispanic/Latino,Neglect - Educational,School/Educational Staff,0.384,CW0046,33,Law enforcement responded to domestic incident. Child present during excessive absences. Child has not seen doctor in over a year.,Substantiated
SCR000564,FAM00476,2024-04-02,Brooklyn,7,White,Neglect - Inadequate Supervision,Law Enforcement,0.328,CW0052,76,Neighbor reports child unsupervised for extended periods. Child seen left alone overnight. Family known to shelter system.,Substantiated
SCR000565,FAM00456,2024-05-27,Manhattan,3,Hispanic/Latino,Neglect - Inadequate Food/Clothing/Shelter,Anonymous,0.156,CW0029,54,Law enforcement responded to domestic incident. Child present during excessive absences. Child has not seen doctor in over a year.,Still Open
SCR000566,FAM00361,2024-09-02,Bronx,14,White,Neglect - Inadequate Food/Clothing/Shelter,Anonymous,0.148,CW0005,40,Law enforcement responded to domestic incident. Child present during excessive absences. Child has not seen doctor in over a year.,Unfounded
SCR000567,FAM00001,2022-10-22,Brooklyn,6,Hispanic/Latino,Neglect - Inadequate Supervision,Anonymous,0.158,CW0067,79,Law enforcement responded to domestic incident. Child present during excessive absences. Child has not seen doctor in over a year.,Unfounded
SCR000568,FAM00387,2023-08-11,Queens,7,Black/African American,Sexual Abuse,School/Educational Staff,0.379,CW0074,77,Anonymous caller reports child left alone overnight. Unable to verify no food in home. Two prior substantiated reports.,Substantiated
SCR000569,FAM00348,2023-06-24,Brooklyn,4,White,Neglect - Educational,School/Educational Staff,0.299,CW0075,71,Reporter states child appeared disheveled and hungry at school. Child reported parent unable to be reached. Family has no prior ACS involvement.,Substantiated
SCR000570,FAM00190,2023-06-25,Queens,8,Black/African American,Neglect - Inadequate Food/Clothing/Shelter,Daycare/Childcare,0.33,CW0040,41,Neighbor reports child unsupervised for extended periods. Child seen left alone overnight. Family known to shelter system.,Unsubstantiated
SCR000571,FAM00505,2024-10-15,Queens,2,Black/African American,Neglect - Educational,Hospital/Medical,0.447,CW0072,42,Law enforcement responded to domestic incident. Child present during excessive absences. Child has not seen doctor in over a year.,Substantiated
SCR000572,FAM00191,2022-03-14,Queens,5,Hispanic/Latino,Neglect - Educational,Hospital/Medical,0.331,CW0002,38,Neighbor reports child unsupervised for extended periods. Child seen left alone overnight. Family known to shelter system.,Substantiated
SCR000573,FAM00508,2023-11-13,Queens,16,Black/African American,Neglect - Inadequate Food/Clothing/Shelter,School/Educational Staff,0.298,CW0068,74,Anonymous caller reports child left alone overnight. Unable to verify no food in home. Two prior substantiated reports.,Still Open
SCR000574,FAM00369,2023-08-28,Brooklyn,3,Black/African American,Neglect - Inadequate Food/Clothing/Shelter,School/Educational Staff,0.303,CW0062,67,Neighbor reports child unsupervised for extended periods. Child seen left alone overnight. Family known to shelter system.,Unsubstantiated
SCR000575,FAM00409,2021-12-14,Brooklyn,9,Hispanic/Latino,Sexual Abuse,School/Educational Staff,0.264,CW0058,35,Neighbor reports child unsupervised for extended periods. Child seen left alone overnight. Family known to shelter system.,Still Open
SCR000576,FAM00117,2024-09-11,Manhattan,4,Hispanic/Latino,Neglect - Inadequate Food/Clothing/Shelter,Family Member,0.273,CW0069,72,Medical staff observed bruising on arms during routine checkup. Child disclosed hitting at home. Prior ACS history: one prior report in 2022 unsubstantiated.,Unsubstantiated
SCR000577,FAM00134,2021-06-23,Brooklyn,12,Hispanic/Latino,Domestic Violence Exposure,School/Educational Staff,0.257,CW0058,72,Anonymous caller reports child left alone overnight. Unable to verify no food in home. Two prior substantiated reports.,Substantiated
SCR000578,FAM00058,2022-08-05,Manhattan,1,Unknown,Neglect - Educational,Shelter Staff,0.273,CW0035,39,Law enforcement responded to domestic incident. Child present during excessive absences. Child has not seen doctor in over a year.,Unsubstantiated
SCR000579,FAM00556,2023-11-22,Manhattan,16,Hispanic/Latino,Neglect - Educational,School/Educational Staff,0.325,CW0014,52,Reporter states child appeared disheveled and hungry at school. Child reported parent unable to be reached. Family has no prior ACS involvement.,Substantiated
SCR000580,FAM00173,2024-09-21,Manhattan,6,Asian,Neglect - Educational,Law Enforcement,0.448,CW0015,44,Reporter states child appeared disheveled and hungry at school. Child reported parent unable to be reached. Family has no prior ACS involvement.,Unsubstantiated
SCR000581,FAM00149,2024-07-20,Brooklyn,3,Black/African American,Neglect - Educational,Hospital/Medical,0.419,CW0006,74,Reporter states child appeared disheveled and hungry at school. Child reported parent unable to be reached. Family has no prior ACS involvement.,Unsubstantiated
SCR000582,FAM00080,2024-06-22,Bronx,0,Hispanic/Latino,Neglect - Inadequate Food/Clothing/Shelter,Family Member,0.267,CW0016,52,Reporter states child appeared disheveled and hungry at school. Child reported parent unable to be reached. Family has no prior ACS involvement.,Substantiated
SCR000583,FAM00213,2022-11-18,Brooklyn,2,Asian,Physical Abuse,Family Member,0.255,CW0046,69,Law enforcement responded to domestic incident. Child present during excessive absences. Child has not seen doctor in over a year.,Unsubstantiated
SCR000584,FAM00203,2021-07-11,Bronx,7,Hispanic/Latino,Neglect - Educational,Hospital/Medical,0.426,CW0063,66,Reporter states child appeared disheveled and hungry at school. Child reported parent unable to be reached. Family has no prior ACS involvement.,Substantiated
SCR000585,FAM00229,2022-04-27,Queens,4,White,Neglect - Medical,Family Member,0.166,CW0012,63,Anonymous caller reports child left alone overnight. Unable to verify no food in home. Two prior substantiated reports.,Unfounded
SCR000586,FAM00227,2024-10-09,Brooklyn,13,Black/African American,Sexual Abuse,Social Service Provider,0.258,CW0041,45,Anonymous caller reports child left alone overnight. Unable to verify no food in home. Two prior substantiated reports.,Unfounded
SCR000587,FAM00532,2022-09-28,Bronx,6,Black/African American,Neglect - Inadequate Supervision,Anonymous,0.145,CW0019,74,Neighbor reports child unsupervised for extended periods. Child seen left alone overnight. Family known to shelter system.,Unsubstantiated
SCR000588,FAM00441,2022-04-06,Bronx,3,Hispanic/Latino,Neglect - Educational,Anonymous,0.113,CW0076,70,Medical staff observed bruising on arms during routine checkup. Child disclosed hitting at home. Prior ACS history: one prior report in 2022 unsubstantiated.,Substantiated
SCR000589,FAM00402,2022-02-12,Manhattan,9,Hispanic/Latino,Neglect - Educational,School/Educational Staff,0.356,CW0077,76,Shelter staff reports child not attending school regularly. Family has been in shelter for 2 months. Caregiver appeared intoxicated.,Unsubstantiated
SCR000590,FAM00047,2021-10-29,Manhattan,10,Asian,Neglect - Educational,Shelter Staff,0.317,CW0002,61,Reporter states child appeared disheveled and hungry at school. Child reported parent unable to be reached. Family has no prior ACS involvement.,Unfounded
SCR000591,FAM00233,2021-02-20,Brooklyn,2,Black/African American,Neglect - Educational,School/Educational Staff,0.301,CW0020,67,Shelter staff reports child not attending school regularly. Family has been in shelter for 2 months. Caregiver appeared intoxicated.,Substantiated
SCR000592,FAM00305,2021-04-05,Bronx,2,Unknown,Neglect - Inadequate Food/Clothing/Shelter,School/Educational Staff,0.252,CW0009,69,Shelter staff reports child not attending school regularly. Family has been in shelter for 2 months. Caregiver appeared intoxicated.,Unsubstantiated
SCR000593,FAM00526,2022-05-17,Brooklyn,0,Unknown,Neglect - Inadequate Supervision,Social Service Provider,0.356,CW0021,75,Shelter staff reports child not attending school regularly. Family has been in shelter for 2 months. Caregiver appeared intoxicated.,Unsubstantiated
SCR000594,FAM00143,2023-09-01,Brooklyn,11,Black/African American,Neglect - Inadequate Supervision,Hospital/Medical,0.369,CW0008,34,Neighbor reports child unsupervised for extended periods. Child seen left alone overnight. Family known to shelter system.,Unsubstantiated
SCR000595,FAM00415,2024-06-05,Manhattan,10,Black/African American,Domestic Violence Exposure,Daycare/Childcare,0.312,CW0039,46,Anonymous caller reports child left alone overnight. Unable to verify no food in home. Two prior substantiated reports.,Substantiated
SCR000596,FAM00513,2021-05-30,Manhattan,6,Multiracial,Physical Abuse,Anonymous,0.091,CW0037,51,Reporter states child appeared disheveled and hungry at school. Child reported parent unable to be reached. Family has no prior ACS involvement.,Unsubstantiated
SCR000597,FAM00373,2023-07-22,Brooklyn,13,Unknown,Neglect - Medical,Anonymous,0.133,CW0029,68,Law enforcement responded to domestic incident. Child present during excessive absences. Child has not seen doctor in over a year.,Substantiated
SCR000598,FAM00566,2023-04-29,Bronx,12,Hispanic/Latino,Neglect - Educational,Social Service Provider,0.389,CW0035,70,Neighbor reports child unsupervised for extended periods. Child seen left alone overnight. Family known to shelter system.,Substantiated
SCR000599,FAM00259,2024-07-13,Staten Island,8,Black/African American,Neglect - Inadequate Supervision,School/Educational Staff,0.31,CW0038,77,Anonymous caller reports child left alone overnight. Unable to verify no food in home. Two prior substantiated reports.,Unfounded
SCR000600,FAM00471,2024-03-24,Brooklyn,14,Hispanic/Latino,Neglect - Inadequate Food/Clothing/Shelter,School/Educational Staff,0.288,CW0075,47,Law enforcement responded to domestic incident. Child present during excessive absences. Child has not seen doctor in over a year.,Still Open
SCR000601,FAM00012,2022-02-03,Manhattan,2,Hispanic/Latino,Neglect - Educational,Hospital/Medical,0.344,CW0035,57,Anonymous caller reports child left alone overnight. Unable to verify no food in home. Two prior substantiated reports.,Unsubstantiated
SCR000602,FAM00330,2024-11-27,Bronx,1,Black/African American,Neglect - Educational,School/Educational Staff,0.338,CW0068,42,Reporter states child appeared disheveled and hungry at school. Child reported parent unable to be reached. Family has no prior ACS involvement.,Substantiated
SCR000603,FAM00358,2023-02-26,Brooklyn,3,White,Physical Abuse,School/Educational Staff,0.271,CW0003,79,Neighbor reports child unsupervised for extended periods. Child seen left alone overnight. Family known to shelter system.,Substantiated
SCR000604,FAM00408,2023-10-10,Bronx,0,Black/African American,Physical Abuse,Hospital/Medical,0.426,CW0012,71,Shelter staff reports child not attending school regularly. Family has been in shelter for 2 months. Caregiver appeared intoxicated.,Unfounded
SCR000605,FAM00373,2023-03-30,Brooklyn,7,Black/African American,Neglect - Inadequate Supervision,Anonymous,0.122,CW0032,30,Neighbor reports child unsupervised for extended periods. Child seen left alone overnight. Family known to shelter system.,Unsubstantiated
SCR000606,FAM00008,2022-05-15,Staten Island,16,Hispanic/Latino,Neglect - Inadequate Food/Clothing/Shelter,Shelter Staff,0.322,CW0047,79,Neighbor reports child unsupervised for extended periods. Child seen left alone overnight. Family known to shelter system.,Unsubstantiated
SCR000607,FAM00122,2021-10-30,Brooklyn,0,Black/African American,Neglect - Inadequate Supervision,Hospital/Medical,0.412,CW0063,48,Reporter states child appeared disheveled and hungry at school. Child reported parent unable to be reached. Family has no prior ACS involvement.,Unsubstantiated
SCR000608,FAM00348,2024-09-05,Bronx,1,Black/African American,Neglect - Educational,Law Enforcement,0.377,CW0026,63,Shelter staff reports child not attending school regularly. Family has been in shelter for 2 months. Caregiver appeared intoxicated.,Unsubstantiated
SCR000609,FAM00090,2024-11-09,Bronx,6,Hispanic/Latino,Neglect - Inadequate Supervision,School/Educational Staff,0.334,CW0043,33,Shelter staff reports child not attending school regularly. Family has been in shelter for 2 months. Caregiver appeared intoxicated.,Unsubstantiated
SCR000610,FAM00648,2021-01-12,Brooklyn,16,Black/African American,Neglect - Educational,School/Educational Staff,0.415,CW0077,72,Medical staff observed bruising on arms during routine checkup. Child disclosed hitting at home. Prior ACS history: one prior report in 2022 unsubstantiated.,Still Open
SCR000611,FAM00316,2021-08-07,Bronx,4,Black/African American,Neglect - Educational,Anonymous,0.184,CW0044,32,Medical staff observed bruising on arms during routine checkup. Child disclosed hitting at home. Prior ACS history: one prior report in 2022 unsubstantiated.,Substantiated
SCR000612,FAM00178,2023-05-21,Bronx,7,Black/African American,Domestic Violence Exposure,Law Enforcement,0.376,CW0038,70,Anonymous caller reports child left alone overnight. Unable to verify no food in home. Two prior substantiated reports.,Unsubstantiated
SCR000613,FAM00540,2022-03-25,Manhattan,0,Unknown,Neglect - Inadequate Food/Clothing/Shelter,Anonymous,0.14,CW0029,39,Law enforcement responded to domestic incident. Child present during excessive absences. Child has not seen doctor in over a year.,Substantiated
SCR000614,FAM00041,2021-12-27,Brooklyn,1,Hispanic/Latino,Physical Abuse,School/Educational Staff,0.284,CW0055,57,Medical staff observed bruising on arms during routine checkup. Child disclosed hitting at home. Prior ACS history: one prior report in 2022 unsubstantiated.,Unsubstantiated
SCR000615,FAM00502,2024-11-26,Bronx,17,Hispanic/Latino,Neglect - Inadequate Supervision,Anonymous,0.093,CW0052,63,Reporter states child appeared disheveled and hungry at school. Child reported parent unable to be reached. Family has no prior ACS involvement.,Unfounded
SCR000616,FAM00145,2023-11-27,Queens,16,Hispanic/Latino,Neglect - Inadequate Supervision,Law Enforcement,0.352,CW0019,68,Neighbor reports child unsupervised for extended periods. Child seen left alone overnight. Family known to shelter system.,Unfounded
SCR000617,FAM00201,2023-08-10,Bronx,0,Unknown,Neglect - Inadequate Supervision,Shelter Staff,0.241,CW0035,76,Shelter staff reports child not attending school regularly. Family has been in shelter for 2 months. Caregiver appeared intoxicated.,Substantiated
SCR000618,FAM00461,2021-04-13,Staten Island,16,Black/African American,Neglect - Educational,Law Enforcement,0.413,CW0048,48,Neighbor reports child unsupervised for extended periods. Child seen left alone overnight. Family known to shelter system.,Unfounded
SCR000619,FAM00558,2024-02-16,Brooklyn,9,Hispanic/Latino,Neglect - Educational,Family Member,0.166,CW0060,71,Reporter states child appeared disheveled and hungry at school. Child reported parent unable to be reached. Family has no prior ACS involvement.,Unsubstantiated
SCR000620,FAM00547,2022-05-26,Queens,14,White,Emotional Abuse,Law Enforcement,0.447,CW0031,75,Neighbor reports child unsupervised for extended periods. Child seen left alone overnight. Family known to shelter system.,Substantiated
SCR000621,FAM00253,2021-09-06,Manhattan,6,Hispanic/Latino,Physical Abuse,Law Enforcement,0.418,CW0003,65,Shelter staff reports child not attending school regularly. Family has been in shelter for 2 months. Caregiver appeared intoxicated.,Unsubstantiated
SCR000622,FAM00390,2023-07-24,Queens,7,Black/African American,Neglect - Inadequate Food/Clothing/Shelter,Social Service Provider,0.331,CW0035,72,Medical staff observed bruising on arms during routine checkup. Child disclosed hitting at home. Prior ACS history: one prior report in 2022 unsubstantiated.,Unsubstantiated
SCR000623,FAM00594,2021-10-01,Staten Island,6,Hispanic/Latino,Neglect - Inadequate Food/Clothing/Shelter,Daycare/Childcare,0.35,CW0052,32,Law enforcement responded to domestic incident. Child present during excessive absences. Child has not seen doctor in over a year.,Unsubstantiated
SCR000624,FAM00256,2023-08-10,Bronx,10,Black/African American,Neglect - Medical,Hospital/Medical,0.392,CW0071,52,Shelter staff reports child not attending school regularly. Family has been in shelter for 2 months. Caregiver appeared intoxicated.,Substantiated
SCR000625,FAM00450,2024-09-29,Staten Island,1,Hispanic/Latino,Neglect - Educational,Daycare/Childcare,0.364,CW0051,46,Shelter staff reports child not attending school regularly. Family has been in shelter for 2 months. Caregiver appeared intoxicated.,Unsubstantiated
SCR000626,FAM00010,2023-12-24,Brooklyn,0,White,Neglect - Inadequate Supervision,Hospital/Medical,0.474,CW0056,36,Shelter staff reports child not attending school regularly. Family has been in shelter for 2 months. Caregiver appeared intoxicated.,Substantiated
SCR000627,FAM00242,2024-02-19,Brooklyn,4,Black/African American,Neglect - Inadequate Supervision,School/Educational Staff,0.275,CW0021,55,Anonymous caller reports child left alone overnight. Unable to verify no food in home. Two prior substantiated reports.,Unsubstantiated
SCR000628,FAM00251,2024-05-04,Brooklyn,10,White,Emotional Abuse,Law Enforcement,0.303,CW0001,72,Anonymous caller reports child left alone overnight. Unable to verify no food in home. Two prior substantiated reports.,Unfounded
SCR000629,FAM00005,2022-10-12,Brooklyn,2,Black/African American,Domestic Violence Exposure,Family Member,0.255,CW0053,47,Shelter staff reports child not attending school regularly. Family has been in shelter for 2 months. Caregiver appeared intoxicated.,Still Open
SCR000630,FAM00119,2023-06-26,Bronx,10,White,Neglect - Inadequate Supervision,Family Member,0.236,CW0006,75,Reporter states child appeared disheveled and hungry at school. Child reported parent unable to be reached. Family has no prior ACS involvement.,Unsubstantiated
SCR000631,FAM00374,2024-06-08,Brooklyn,16,Hispanic/Latino,Sexual Abuse,Hospital/Medical,0.364,CW0062,75,Shelter staff reports child not attending school regularly. Family has been in shelter for 2 months. Caregiver appeared intoxicated.,Unsubstantiated
SCR000632,FAM00065,2023-10-31,Brooklyn,1,Black/African American,Sexual Abuse,Shelter Staff,0.243,CW0079,35,Anonymous caller reports child left alone overnight. Unable to verify no food in home. Two prior substantiated reports.,Unfounded
SCR000633,FAM00146,2023-05-24,Queens,10,Black/African American,Neglect - Inadequate Supervision,School/Educational Staff,0.267,CW0047,60,Anonymous caller reports child left alone overnight. Unable to verify no food in home. Two prior substantiated reports.,Unsubstantiated
SCR000634,FAM00224,2024-01-28,Queens,6,Unknown,Neglect - Inadequate Supervision,Social Service Provider,0.294,CW0050,58,Neighbor reports child unsupervised for extended periods. Child seen left alone overnight. Family known to shelter system.,Substantiated
SCR000635,FAM00239,2023-07-03,Brooklyn,14,Black/African American,Neglect - Inadequate Supervision,Social Service Provider,0.314,CW0031,38,Reporter states child appeared disheveled and hungry at school. Child reported parent unable to be reached. Family has no prior ACS involvement.,Substantiated
SCR000636,FAM00177,2021-11-22,Brooklyn,2,Black/African American,Domestic Violence Exposure,Law Enforcement,0.367,CW0064,64,Medical staff observed bruising on arms during routine checkup. Child disclosed hitting at home. Prior ACS history: one prior report in 2022 unsubstantiated.,Still Open
SCR000637,FAM00282,2023-08-31,Bronx,10,Black/African American,Neglect - Educational,Anonymous,0.107,CW0029,46,Neighbor reports child unsupervised for extended periods. Child seen left alone overnight. Family known to shelter system.,Unsubstantiated
SCR000638,FAM00063,2023-07-11,Bronx,13,Hispanic/Latino,Emotional Abuse,Daycare/Childcare,0.312,CW0015,41,Anonymous caller reports child left alone overnight. Unable to verify no food in home. Two prior substantiated reports.,Unsubstantiated
SCR000639,FAM00217,2022-06-15,Bronx,16,Hispanic/Latino,Neglect - Inadequate Supervision,Law Enforcement,0.369,CW0058,65,Neighbor reports child unsupervised for extended periods. Child seen left alone overnight. Family known to shelter system.,Still Open
SCR000640,FAM00461,2022-05-22,Brooklyn,10,Black/African American,Physical Abuse,School/Educational Staff,0.318,CW0023,77,Neighbor reports child unsupervised for extended periods. Child seen left alone overnight. Family known to shelter system.,Unsubstantiated
SCR000641,FAM00610,2024-07-29,Bronx,7,Black/African American,Neglect - Inadequate Food/Clothing/Shelter,Hospital/Medical,0.404,CW0038,53,Neighbor reports child unsupervised for extended periods. Child seen left alone overnight. Family known to shelter system.,Unsubstantiated
SCR000642,FAM00105,2022-07-22,Staten Island,9,Black/African American,Neglect - Inadequate Food/Clothing/Shelter,Law Enforcement,0.438,CW0041,39,Reporter states child appeared disheveled and hungry at school. Child reported parent unable to be reached. Family has no prior ACS involvement.,Still Open
SCR000643,FAM00099,2023-12-04,Brooklyn,14,Black/African American,Sexual Abuse,Law Enforcement,0.405,CW0075,59,Medical staff observed bruising on arms during routine checkup. Child disclosed hitting at home. Prior ACS history: one prior report in 2022 unsubstantiated.,Unsubstantiated
SCR000644,FAM00511,2023-09-20,Brooklyn,8,Hispanic/Latino,Emotional Abuse,Hospital/Medical,0.34,CW0015,58,Medical staff observed bruising on arms during routine checkup. Child disclosed hitting at home. Prior ACS history: one prior report in 2022 unsubstantiated.,Unfounded
SCR000645,FAM00385,2024-07-07,Manhattan,0,White,Sexual Abuse,Neighbor/Community,0.206,CW0003,68,Shelter staff reports child not attending school regularly. Family has been in shelter for 2 months. Caregiver appeared intoxicated.,Substantiated
SCR000646,FAM00405,2022-05-05,Bronx,16,Black/African American,Neglect - Educational,School/Educational Staff,0.34,CW0001,39,Anonymous caller reports child left alone overnight. Unable to verify no food in home. Two prior substantiated reports.,Substantiated
SCR000647,FAM00518,2022-07-17,Brooklyn,10,Black/African American,Physical Abuse,Shelter Staff,0.258,CW0075,68,Law enforcement responded to domestic incident. Child present during excessive absences. Child has not seen doctor in over a year.,Unsubstantiated
SCR000648,FAM00476,2023-06-20,Manhattan,10,Hispanic/Latino,Neglect - Educational,Daycare/Childcare,0.275,CW0011,57,Reporter states child appeared disheveled and hungry at school. Child reported parent unable to be reached. Family has no prior ACS involvement.,Still Open
SCR000649,FAM00645,2021-06-08,Brooklyn,2,Unknown,Neglect - Inadequate Supervision,Daycare/Childcare,0.35,CW0060,47,Medical staff observed bruising on arms during routine checkup. Child disclosed hitting at home. Prior ACS history: one prior report in 2022 unsubstantiated.,Substantiated
SCR000650,FAM00437,2022-08-09,Brooklyn,9,Unknown,Neglect - Inadequate Food/Clothing/Shelter,Law Enforcement,0.38,CW0065,70,Anonymous caller reports child left alone overnight. Unable to verify no food in home. Two prior substantiated reports.,Substantiated
SCR000651,FAM00023,2022-04-26,Staten Island,5,White,Neglect - Inadequate Supervision,School/Educational Staff,0.254,CW0076,79,Anonymous caller reports child left alone overnight. Unable to verify no food in home. Two prior substantiated reports.,Still Open
SCR000652,FAM00565,2022-07-11,Queens,9,Black/African American,Neglect - Inadequate Food/Clothing/Shelter,School/Educational Staff,0.237,CW0004,46,Reporter states child appeared disheveled and hungry at school. Child reported parent unable to be reached. Family has no prior ACS involvement.,Unsubstantiated
SCR000653,FAM00458,2022-11-19,Manhattan,1,Black/African American,Domestic Violence Exposure,Law Enforcement,0.376,CW0025,40,Reporter states child appeared disheveled and hungry at school. Child reported parent unable to be reached. Family has no prior ACS involvement.,Substantiated
SCR000654,FAM00083,2022-10-17,Brooklyn,9,Black/African American,Neglect - Educational,Law Enforcement,0.368,CW0072,30,Anonymous caller reports child left alone overnight. Unable to verify no food in home. Two prior substantiated reports.,Unfounded
SCR000655,FAM00145,2024-01-12,Manhattan,17,Black/African American,Physical Abuse,School/Educational Staff,0.289,CW0079,46,Shelter staff reports child not attending school regularly. Family has been in shelter for 2 months. Caregiver appeared intoxicated.,Still Open
SCR000656,FAM00085,2021-06-15,Bronx,0,Hispanic/Latino,Neglect - Inadequate Supervision,Daycare/Childcare,0.346,CW0043,65,Medical staff observed bruising on arms during routine checkup. Child disclosed hitting at home. Prior ACS history: one prior report in 2022 unsubstantiated.,Still Open
SCR000657,FAM00078,2021-10-11,Brooklyn,17,White,Neglect - Educational,Hospital/Medical,0.365,CW0040,65,Law enforcement responded to domestic incident. Child present during excessive absences. Child has not seen doctor in over a year.,Substantiated
SCR000658,FAM00457,2021-11-05,Bronx,5,Asian,Neglect - Educational,Law Enforcement,0.358,CW0044,75,Law enforcement responded to domestic incident. Child present during excessive absences. Child has not seen doctor in over a year.,Unfounded
SCR000659,FAM00001,2022-04-19,Brooklyn,14,White,Neglect - Medical,Anonymous,0.167,CW0072,38,Law enforcement responded to domestic incident. Child present during excessive absences. Child has not seen doctor in over a year.,Substantiated
SCR000660,FAM00051,2023-02-24,Brooklyn,12,Black/African American,Sexual Abuse,School/Educational Staff,0.293,CW0059,74,Neighbor reports child unsupervised for extended periods. Child seen left alone overnight. Family known to shelter system.,Unsubstantiated
SCR000661,FAM00446,2024-11-22,Bronx,8,Hispanic/Latino,Neglect - Medical,School/Educational Staff,0.226,CW0023,57,Medical staff observed bruising on arms during routine checkup. Child disclosed hitting at home. Prior ACS history: one prior report in 2022 unsubstantiated.,Still Open
SCR000662,FAM00449,2021-11-09,Staten Island,11,Black/African American,Domestic Violence Exposure,Anonymous,0.116,CW0062,77,Neighbor reports child unsupervised for extended periods. Child seen left alone overnight. Family known to shelter system.,Substantiated
SCR000663,FAM00488,2024-12-17,Queens,14,Black/African American,Neglect - Inadequate Supervision,Law Enforcement,0.326,CW0023,62,Neighbor reports child unsupervised for extended periods. Child seen left alone overnight. Family known to shelter system.,Substantiated
SCR000664,FAM00034,2022-03-15,Manhattan,5,White,Neglect - Inadequate Supervision,Daycare/Childcare,0.363,CW0058,32,Anonymous caller reports child left alone overnight. Unable to verify no food in home. Two prior substantiated reports.,Substantiated
SCR000665,FAM00348,2021-05-12,Brooklyn,4,Black/African American,Physical Abuse,Anonymous,0.156,CW0055,37,Neighbor reports child unsupervised for extended periods. Child seen left alone overnight. Family known to shelter system.,Unfounded
SCR000666,FAM00095,2023-04-30,Queens,10,Hispanic/Latino,Neglect - Inadequate Food/Clothing/Shelter,Anonymous,0.057,CW0033,79,Shelter staff reports child not attending school regularly. Family has been in shelter for 2 months. Caregiver appeared intoxicated.,Unsubstantiated
SCR000667,FAM00072,2023-04-15,Bronx,12,Black/African American,Neglect - Inadequate Supervision,Neighbor/Community,0.218,CW0077,35,Shelter staff reports child not attending school regularly. Family has been in shelter for 2 months. Caregiver appeared intoxicated.,Unsubstantiated
SCR000668,FAM00551,2022-11-09,Queens,12,Hispanic/Latino,Neglect - Inadequate Supervision,Shelter Staff,0.224,CW0063,35,Reporter states child appeared disheveled and hungry at school. Child reported parent unable to be reached. Family has no prior ACS involvement.,Still Open
SCR000669,FAM00154,2024-01-17,Bronx,12,White,Neglect - Inadequate Food/Clothing/Shelter,Shelter Staff,0.358,CW0060,58,Reporter states child appeared disheveled and hungry at school. Child reported parent unable to be reached. Family has no prior ACS involvement.,Still Open
SCR000670,FAM00250,2023-08-13,Queens,6,Black/African American,Neglect - Inadequate Food/Clothing/Shelter,Hospital/Medical,0.418,CW0061,66,Medical staff observed bruising on arms during routine checkup. Child disclosed hitting at home. Prior ACS history: one prior report in 2022 unsubstantiated.,Unsubstantiated
SCR000671,FAM00438,2023-05-02,Bronx,13,White,Neglect - Educational,School/Educational Staff,0.248,CW0076,41,Medical staff observed bruising on arms during routine checkup. Child disclosed hitting at home. Prior ACS history: one prior report in 2022 unsubstantiated.,Unsubstantiated
SCR000672,FAM00118,2021-05-08,Queens,1,Black/African American,Neglect - Inadequate Food/Clothing/Shelter,Shelter Staff,0.223,CW0061,38,Shelter staff reports child not attending school regularly. Family has been in shelter for 2 months. Caregiver appeared intoxicated.,Substantiated
SCR000673,FAM00306,2022-02-28,Staten Island,7,Hispanic/Latino,Neglect - Inadequate Food/Clothing/Shelter,School/Educational Staff,0.327,CW0069,70,Reporter states child appeared disheveled and hungry at school. Child reported parent unable to be reached. Family has no prior ACS involvement.,Unsubstantiated
SCR000674,FAM00268,2023-05-11,Bronx,0,White,Neglect - Inadequate Food/Clothing/Shelter,Family Member,0.2,CW0021,78,Anonymous caller reports child left alone overnight. Unable to verify no food in home. Two prior substantiated reports.,Substantiated
SCR000675,FAM00054,2023-03-09,Brooklyn,4,Hispanic/Latino,Neglect - Inadequate Supervision,Law Enforcement,0.375,CW0003,48,Reporter states child appeared disheveled and hungry at school. Child reported parent unable to be reached. Family has no prior ACS involvement.,Unsubstantiated
SCR000676,FAM00236,2024-04-11,Staten Island,4,Unknown,Physical Abuse,Law Enforcement,0.461,CW0048,46,Neighbor reports child unsupervised for extended periods. Child seen left alone overnight. Family known to shelter system.,Unsubstantiated
SCR000677,FAM00389,2024-11-25,Brooklyn,5,Black/African American,Neglect - Educational,Hospital/Medical,0.385,CW0010,77,Law enforcement responded to domestic incident. Child present during excessive absences. Child has not seen doctor in over a year.,Unsubstantiated
SCR000678,FAM00401,2021-02-10,Queens,10,Hispanic/Latino,Neglect - Inadequate Supervision,School/Educational Staff,0.313,CW0042,73,Anonymous caller reports child left alone overnight. Unable to verify no food in home. Two prior substantiated reports.,Unsubstantiated
SCR000679,FAM00624,2024-03-25,Manhattan,5,Hispanic/Latino,Emotional Abuse,School/Educational Staff,0.381,CW0066,61,Law enforcement responded to domestic incident. Child present during excessive absences. Child has not seen doctor in over a year.,Unfounded
SCR000680,FAM00303,2023-02-19,Brooklyn,6,Multiracial,Neglect - Inadequate Food/Clothing/Shelter,Hospital/Medical,0.434,CW0046,64,Law enforcement responded to domestic incident. Child present during excessive absences. Child has not seen doctor in over a year.,Unfounded
SCR000681,FAM00207,2023-09-04,Bronx,3,Black/African American,Neglect - Inadequate Supervision,School/Educational Staff,0.23,CW0009,43,Shelter staff reports child not attending school regularly. Family has been in shelter for 2 months. Caregiver appeared intoxicated.,Substantiated
SCR000682,FAM00229,2021-01-13,Bronx,5,White,Physical Abuse,Law Enforcement,0.405,CW0049,78,Law enforcement responded to domestic incident. Child present during excessive absences. Child has not seen doctor in over a year.,Unsubstantiated
SCR000683,FAM00578,2022-12-22,Queens,2,Hispanic/Latino,Neglect - Inadequate Food/Clothing/Shelter,Family Member,0.162,CW0004,45,Law enforcement responded to domestic incident. Child present during excessive absences. Child has not seen doctor in over a year.,Unsubstantiated
SCR000684,FAM00075,2022-09-04,Brooklyn,0,Black/African American,Emotional Abuse,Family Member,0.29,CW0060,50,Neighbor reports child unsupervised for extended periods. Child seen left alone overnight. Family known to shelter system.,Unsubstantiated
SCR000685,FAM00435,2023-03-10,Brooklyn,8,Hispanic/Latino,Physical Abuse,Law Enforcement,0.339,CW0029,41,Medical staff observed bruising on arms during routine checkup. Child disclosed hitting at home. Prior ACS history: one prior report in 2022 unsubstantiated.,Unsubstantiated
SCR000686,FAM00103,2023-05-09,Brooklyn,10,Black/African American,Physical Abuse,School/Educational Staff,0.458,CW0047,53,Shelter staff reports child not attending school regularly. Family has been in shelter for 2 months. Caregiver appeared intoxicated.,Unsubstantiated
SCR000687,FAM00422,2024-01-08,Brooklyn,9,Hispanic/Latino,Neglect - Inadequate Food/Clothing/Shelter,Family Member,0.293,CW0077,63,Reporter states child appeared disheveled and hungry at school. Child reported parent unable to be reached. Family has no prior ACS involvement.,Substantiated
SCR000688,FAM00306,2024-01-24,Queens,6,Asian,Neglect - Educational,Family Member,0.18,CW0063,37,Neighbor reports child unsupervised for extended periods. Child seen left alone overnight. Family known to shelter system.,Unsubstantiated
SCR000689,FAM00098,2024-05-20,Staten Island,5,Hispanic/Latino,Neglect - Inadequate Supervision,School/Educational Staff,0.311,CW0031,73,Law enforcement responded to domestic incident. Child present during excessive absences. Child has not seen doctor in over a year.,Unsubstantiated
SCR000690,FAM00335,2022-03-28,Brooklyn,14,Hispanic/Latino,Neglect - Inadequate Supervision,Daycare/Childcare,0.388,CW0051,50,Reporter states child appeared disheveled and hungry at school. Child reported parent unable to be reached. Family has no prior ACS involvement.,Still Open
SCR000691,FAM00435,2023-09-27,Queens,7,Hispanic/Latino,Neglect - Inadequate Food/Clothing/Shelter,Hospital/Medical,0.459,CW0041,77,Neighbor reports child unsupervised for extended periods. Child seen left alone overnight. Family known to shelter system.,Unsubstantiated
SCR000692,FAM00447,2022-03-26,Queens,6,Black/African American,Neglect - Inadequate Food/Clothing/Shelter,Anonymous,0.162,CW0036,37,Anonymous caller reports child left alone overnight. Unable to verify no food in home. Two prior substantiated reports.,Unfounded
SCR000693,FAM00308,2022-07-13,Brooklyn,0,Black/African American,Neglect - Inadequate Supervision,Social Service Provider,0.393,CW0040,57,Anonymous caller reports child left alone overnight. Unable to verify no food in home. Two prior substantiated reports.,Still Open
SCR000694,FAM00249,2023-06-12,Staten Island,4,Hispanic/Latino,Neglect - Educational,School/Educational Staff,0.304,CW0060,45,Shelter staff reports child not attending school regularly. Family has been in shelter for 2 months. Caregiver appeared intoxicated.,Unsubstantiated
SCR000695,FAM00166,2023-09-22,Bronx,5,Black/African American,Neglect - Inadequate Food/Clothing/Shelter,Family Member,0.202,CW0015,39,Law enforcement responded to domestic incident. Child present during excessive absences. Child has not seen doctor in over a year.,Unsubstantiated
SCR000696,FAM00481,2021-03-01,Bronx,5,Black/African American,Neglect - Inadequate Supervision,Law Enforcement,0.363,CW0078,44,Shelter staff reports child not attending school regularly. Family has been in shelter for 2 months. Caregiver appeared intoxicated.,Substantiated
SCR000697,FAM00335,2023-03-08,Queens,8,Hispanic/Latino,Physical Abuse,Social Service Provider,0.373,CW0030,33,Anonymous caller reports child left alone overnight. Unable to verify no food in home. Two prior substantiated reports.,Unsubstantiated
SCR000698,FAM00542,2022-11-20,Brooklyn,7,Black/African American,Neglect - Educational,Shelter Staff,0.298,CW0030,55,Neighbor reports child unsupervised for extended periods. Child seen left alone overnight. Family known to shelter system.,Unsubstantiated
SCR000699,FAM00106,2024-10-01,Queens,8,Black/African American,Neglect - Inadequate Food/Clothing/Shelter,Anonymous,0.155,CW0027,44,Reporter states child appeared disheveled and hungry at school. Child reported parent unable to be reached. Family has no prior ACS involvement.,Substantiated
SCR000700,FAM00563,2024-10-22,Queens,12,Hispanic/Latino,Neglect - Medical,School/Educational Staff,0.35,CW0040,65,Medical staff observed bruising on arms during routine checkup. Child disclosed hitting at home. Prior ACS history: one prior report in 2022 unsubstantiated.,Unsubstantiated
SCR000701,FAM00081,2023-04-09,Bronx,13,Black/African American,Neglect - Educational,Hospital/Medical,0.317,CW0078,61,Law enforcement responded to domestic incident. Child present during excessive absences. Child has not seen doctor in over a year.,Still Open
SCR000702,FAM00133,2021-12-05,Queens,11,Multiracial,Neglect - Inadequate Food/Clothing/Shelter,School/Educational Staff,0.326,CW0045,72,Shelter staff reports child not attending school regularly. Family has been in shelter for 2 months. Caregiver appeared intoxicated.,Substantiated
SCR000703,FAM00138,2023-08-16,Brooklyn,16,Asian,Neglect - Educational,Social Service Provider,0.341,CW0075,67,Reporter states child appeared disheveled and hungry at school. Child reported parent unable to be reached. Family has no prior ACS involvement.,Substantiated
SCR000704,FAM00184,2021-09-19,Brooklyn,0,White,Physical Abuse,Anonymous,0.223,CW0047,33,Reporter states child appeared disheveled and hungry at school. Child reported parent unable to be reached. Family has no prior ACS involvement.,Unsubstantiated
SCR000705,FAM00401,2024-06-28,Manhattan,2,Black/African American,Neglect - Inadequate Food/Clothing/Shelter,Anonymous,0.064,CW0056,70,Medical staff observed bruising on arms during routine checkup. Child disclosed hitting at home. Prior ACS history: one prior report in 2022 unsubstantiated.,Unsubstantiated
SCR000706,FAM00330,2023-12-30,Queens,0,White,Neglect - Inadequate Supervision,Neighbor/Community,0.258,CW0054,38,Neighbor reports child unsupervised for extended periods. Child seen left alone overnight. Family known to shelter system.,Unsubstantiated
SCR000707,FAM00508,2021-02-25,Bronx,9,White,Neglect - Inadequate Food/Clothing/Shelter,School/Educational Staff,0.314,CW0009,64,Medical staff observed bruising on arms during routine checkup. Child disclosed hitting at home. Prior ACS history: one prior report in 2022 unsubstantiated.,Unsubstantiated
SCR000708,FAM00069,2023-03-18,Brooklyn,15,White,Neglect - Medical,Hospital/Medical,0.444,CW0065,57,Medical staff observed bruising on arms during routine checkup. Child disclosed hitting at home. Prior ACS history: one prior report in 2022 unsubstantiated.,Substantiated
SCR000709,FAM00546,2024-04-27,Manhattan,3,Black/African American,Neglect - Educational,School/Educational Staff,0.394,CW0070,66,Neighbor reports child unsupervised for extended periods. Child seen left alone overnight. Family known to shelter system.,Substantiated
SCR000710,FAM00053,2024-03-01,Manhattan,15,Hispanic/Latino,Neglect - Educational,School/Educational Staff,0.338,CW0001,76,Neighbor reports child unsupervised for extended periods. Child seen left alone overnight. Family known to shelter system.,Substantiated
SCR000711,FAM00450,2024-09-19,Manhattan,0,White,Sexual Abuse,School/Educational Staff,0.33,CW0013,38,Neighbor reports child unsupervised for extended periods. Child seen left alone overnight. Family known to shelter system.,Unsubstantiated
SCR000712,FAM00205,2021-02-25,Bronx,16,Hispanic/Latino,Neglect - Inadequate Food/Clothing/Shelter,Shelter Staff,0.292,CW0038,31,Reporter states child appeared disheveled and hungry at school. Child reported parent unable to be reached. Family has no prior ACS involvement.,Still Open
SCR000713,FAM00126,2021-06-21,Bronx,4,Hispanic/Latino,Neglect - Medical,School/Educational Staff,0.286,CW0045,32,Reporter states child appeared disheveled and hungry at school. Child reported parent unable to be reached. Family has no prior ACS involvement.,Unsubstantiated
SCR000714,FAM00043,2024-08-09,Brooklyn,1,Hispanic/Latino,Neglect - Inadequate Food/Clothing/Shelter,School/Educational Staff,0.309,CW0040,73,Law enforcement responded to domestic incident. Child present during excessive absences. Child has not seen doctor in over a year.,Unsubstantiated
SCR000715,FAM00111,2023-05-28,Queens,6,Hispanic/Latino,Emotional Abuse,School/Educational Staff,0.274,CW0015,77,Anonymous caller reports child left alone overnight. Unable to verify no food in home. Two prior substantiated reports.,Unsubstantiated
SCR000716,FAM00183,2021-10-05,Bronx,3,Black/African American,Neglect - Inadequate Food/Clothing/Shelter,School/Educational Staff,0.308,CW0050,34,Law enforcement responded to domestic incident. Child present during excessive absences. Child has not seen doctor in over a year.,Still Open
SCR000717,FAM00095,2023-08-04,Bronx,3,Hispanic/Latino,Physical Abuse,Social Service Provider,0.213,CW0002,39,Medical staff observed bruising on arms during routine checkup. Child disclosed hitting at home. Prior ACS history: one prior report in 2022 unsubstantiated.,Still Open
SCR000718,FAM00374,2022-01-08,Staten Island,4,Black/African American,Neglect - Medical,Daycare/Childcare,0.371,CW0053,57,Medical staff observed bruising on arms during routine checkup. Child disclosed hitting at home. Prior ACS history: one prior report in 2022 unsubstantiated.,Substantiated
SCR000719,FAM00520,2021-04-13,Bronx,12,Hispanic/Latino,Neglect - Inadequate Food/Clothing/Shelter,Neighbor/Community,0.174,CW0026,44,Law enforcement responded to domestic incident. Child present during excessive absences. Child has not seen doctor in over a year.,Substantiated
SCR000720,FAM00360,2022-06-17,Staten Island,7,Black/African American,Neglect - Educational,Hospital/Medical,0.403,CW0066,43,Shelter staff reports child not attending school regularly. Family has been in shelter for 2 months. Caregiver appeared intoxicated.,Substantiated
SCR000721,FAM00281,2023-02-16,Manhattan,4,Hispanic/Latino,Neglect - Inadequate Supervision,School/Educational Staff,0.321,CW0075,75,Anonymous caller reports child left alone overnight. Unable to verify no food in home. Two prior substantiated reports.,Unsubstantiated
SCR000722,FAM00195,2022-11-02,Queens,9,Black/African American,Neglect - Educational,Anonymous,0.068,CW0033,52,Medical staff observed bruising on arms during routine checkup. Child disclosed hitting at home. Prior ACS history: one prior report in 2022 unsubstantiated.,Unfounded
SCR000723,FAM00195,2022-03-10,Bronx,11,Hispanic/Latino,Neglect - Inadequate Supervision,Hospital/Medical,0.516,CW0059,42,Shelter staff reports child not attending school regularly. Family has been in shelter for 2 months. Caregiver appeared intoxicated.,Unfounded
SCR000724,FAM00093,2023-07-21,Bronx,3,White,Neglect - Inadequate Supervision,Hospital/Medical,0.415,CW0026,45,Shelter staff reports child not attending school regularly. Family has been in shelter for 2 months. Caregiver appeared intoxicated.,Unsubstantiated
SCR000725,FAM00061,2022-11-01,Manhattan,5,Black/African American,Neglect - Inadequate Food/Clothing/Shelter,School/Educational Staff,0.303,CW0021,59,Anonymous caller reports child left alone overnight. Unable to verify no food in home. Two prior substantiated reports.,Substantiated
SCR000726,FAM00634,2022-11-23,Queens,1,Black/African American,Neglect - Inadequate Food/Clothing/Shelter,School/Educational Staff,0.262,CW0049,69,Neighbor reports child unsupervised for extended periods. Child seen left alone overnight. Family known to shelter system.,Unfounded
SCR000727,FAM00051,2023-02-16,Manhattan,2,Black/African American,Neglect - Inadequate Food/Clothing/Shelter,School/Educational Staff,0.311,CW0071,37,Reporter states child appeared disheveled and hungry at school. Child reported parent unable to be reached. Family has no prior ACS involvement.,Substantiated
SCR000728,FAM00403,2022-07-24,Bronx,10,Asian,Physical Abuse,Hospital/Medical,0.489,CW0071,46,Law enforcement responded to domestic incident. Child present during excessive absences. Child has not seen doctor in over a year.,Unsubstantiated
SCR000729,FAM00005,2023-05-14,Manhattan,2,Hispanic/Latino,Neglect - Educational,Law Enforcement,0.432,CW0066,59,Anonymous caller reports child left alone overnight. Unable to verify no food in home. Two prior substantiated reports.,Unsubstantiated
SCR000730,FAM00466,2022-06-01,Queens,7,Hispanic/Latino,Neglect - Educational,School/Educational Staff,0.353,CW0037,46,Reporter states child appeared disheveled and hungry at school. Child reported parent unable to be reached. Family has no prior ACS involvement.,Unsubstantiated
SCR000731,FAM00604,2021-06-17,Manhattan,10,Black/African American,Neglect - Educational,School/Educational Staff,0.337,CW0014,64,Law enforcement responded to domestic incident. Child present during excessive absences. Child has not seen doctor in over a year.,Unsubstantiated
SCR000732,FAM00534,2023-08-22,Queens,1,Hispanic/Latino,Neglect - Inadequate Food/Clothing/Shelter,Anonymous,0.122,CW0072,30,Reporter states child appeared disheveled and hungry at school. Child reported parent unable to be reached. Family has no prior ACS involvement.,Unfounded
SCR000733,FAM00405,2021-02-09,Queens,8,Asian,Neglect - Inadequate Supervision,School/Educational Staff,0.237,CW0007,78,Law enforcement responded to domestic incident. Child present during excessive absences. Child has not seen doctor in over a year.,Substantiated
SCR000734,FAM00513,2024-01-10,Manhattan,3,White,Neglect - Inadequate Supervision,Hospital/Medical,0.41,CW0038,53,Reporter states child appeared disheveled and hungry at school. Child reported parent unable to be reached. Family has no prior ACS involvement.,Unsubstantiated
SCR000735,FAM00645,2021-04-17,Bronx,16,Hispanic/Latino,Neglect - Inadequate Supervision,Family Member,0.208,CW0045,77,Neighbor reports child unsupervised for extended periods. Child seen left alone overnight. Family known to shelter system.,Substantiated
SCR000736,FAM00233,2022-12-18,Brooklyn,6,Black/African American,Emotional Abuse,School/Educational Staff,0.362,CW0022,78,Shelter staff reports child not attending school regularly. Family has been in shelter for 2 months. Caregiver appeared intoxicated.,Still Open
SCR000737,FAM00524,2022-04-05,Bronx,12,Black/African American,Neglect - Educational,School/Educational Staff,0.325,CW0044,54,Law enforcement responded to domestic incident. Child present during excessive absences. Child has not seen doctor in over a year.,Unsubstantiated
SCR000738,FAM00346,2024-08-24,Brooklyn,8,Black/African American,Physical Abuse,Shelter Staff,0.361,CW0035,31,Shelter staff reports child not attending school regularly. Family has been in shelter for 2 months. Caregiver appeared intoxicated.,Unsubstantiated
SCR000739,FAM00046,2021-05-21,Brooklyn,0,Black/African American,Physical Abuse,Hospital/Medical,0.48,CW0060,54,Law enforcement responded to domestic incident. Child present during excessive absences. Child has not seen doctor in over a year.,Unfounded
SCR000740,FAM00546,2024-08-27,Bronx,9,Black/African American,Emotional Abuse,Shelter Staff,0.257,CW0003,43,Anonymous caller reports child left alone overnight. Unable to verify no food in home. Two prior substantiated reports.,Still Open
SCR000741,FAM00078,2021-03-24,Brooklyn,16,Black/African American,Neglect - Medical,Anonymous,0.05,CW0067,68,Anonymous caller reports child left alone overnight. Unable to verify no food in home. Two prior substantiated reports.,Unsubstantiated
SCR000742,FAM00073,2021-03-05,Bronx,8,Hispanic/Latino,Neglect - Educational,School/Educational Staff,0.379,CW0072,62,Law enforcement responded to domestic incident. Child present during excessive absences. Child has not seen doctor in over a year.,Unsubstantiated
SCR000743,FAM00249,2022-05-22,Queens,13,Unknown,Neglect - Educational,Law Enforcement,0.448,CW0055,46,Neighbor reports child unsupervised for extended periods. Child seen left alone overnight. Family known to shelter system.,Unsubstantiated
SCR000744,FAM00047,2022-02-13,Staten Island,14,Hispanic/Latino,Neglect - Medical,Shelter Staff,0.212,CW0009,60,Reporter states child appeared disheveled and hungry at school. Child reported parent unable to be reached. Family has no prior ACS involvement.,Substantiated
SCR000745,FAM00121,2021-02-11,Bronx,2,White,Neglect - Inadequate Food/Clothing/Shelter,School/Educational Staff,0.385,CW0069,39,Law enforcement responded to domestic incident. Child present during excessive absences. Child has not seen doctor in over a year.,Unsubstantiated
SCR000746,FAM00214,2024-06-26,Staten Island,2,White,Neglect - Inadequate Food/Clothing/Shelter,Law Enforcement,0.399,CW0028,35,Reporter states child appeared disheveled and hungry at school. Child reported parent unable to be reached. Family has no prior ACS involvement.,Substantiated
SCR000747,FAM00239,2021-11-09,Brooklyn,9,Black/African American,Physical Abuse,School/Educational Staff,0.318,CW0015,68,Neighbor reports child unsupervised for extended periods. Child seen left alone overnight. Family known to shelter system.,Unsubstantiated
SCR000748,FAM00056,2022-05-04,Bronx,5,White,Physical Abuse,Shelter Staff,0.361,CW0031,54,Medical staff observed bruising on arms during routine checkup. Child disclosed hitting at home. Prior ACS history: one prior report in 2022 unsubstantiated.,Unsubstantiated
SCR000749,FAM00350,2021-09-16,Bronx,13,Black/African American,Neglect - Medical,School/Educational Staff,0.377,CW0059,67,Shelter staff reports child not attending school regularly. Family has been in shelter for 2 months. Caregiver appeared intoxicated.,Substantiated
SCR000750,FAM00107,2023-08-28,Brooklyn,15,Hispanic/Latino,Domestic Violence Exposure,Hospital/Medical,0.453,CW0054,66,Law enforcement responded to domestic incident. Child present during excessive absences. Child has not seen doctor in over a year.,Unsubstantiated
SCR000751,FAM00048,2024-10-03,Queens,4,Black/African American,Physical Abuse,Hospital/Medical,0.444,CW0068,59,Anonymous caller reports child left alone overnight. Unable to verify no food in home. Two prior substantiated reports.,Still Open
SCR000752,FAM00573,2021-08-23,Manhattan,3,Unknown,Neglect - Inadequate Supervision,Anonymous,0.171,CW0047,63,Neighbor reports child unsupervised for extended periods. Child seen left alone overnight. Family known to shelter system.,Unsubstantiated
SCR000753,FAM00337,2024-03-01,Bronx,12,Black/African American,Sexual Abuse,School/Educational Staff,0.29,CW0042,47,Reporter states child appeared disheveled and hungry at school. Child reported parent unable to be reached. Family has no prior ACS involvement.,Substantiated
SCR000754,FAM00026,2022-03-23,Bronx,3,Black/African American,Neglect - Educational,Hospital/Medical,0.417,CW0023,53,Law enforcement responded to domestic incident. Child present during excessive absences. Child has not seen doctor in over a year.,Unsubstantiated
SCR000755,FAM00257,2023-08-11,Brooklyn,13,Multiracial,Neglect - Inadequate Supervision,Hospital/Medical,0.375,CW0065,78,Reporter states child appeared disheveled and hungry at school. Child reported parent unable to be reached. Family has no prior ACS involvement.,Unsubstantiated
SCR000756,FAM00008,2024-12-03,Bronx,5,Black/African American,Neglect - Medical,Daycare/Childcare,0.333,CW0054,56,Medical staff observed bruising on arms during routine checkup. Child disclosed hitting at home. Prior ACS history: one prior report in 2022 unsubstantiated.,Substantiated
SCR000757,FAM00625,2022-06-09,Bronx,10,Hispanic/Latino,Neglect - Inadequate Supervision,Shelter Staff,0.262,CW0011,56,Law enforcement responded to domestic incident. Child present during excessive absences. Child has not seen doctor in over a year.,Unsubstantiated
SCR000758,FAM00253,2023-01-26,Bronx,1,White,Neglect - Inadequate Supervision,Law Enforcement,0.348,CW0063,68,Shelter staff reports child not attending school regularly. Family has been in shelter for 2 months. Caregiver appeared intoxicated.,Substantiated
SCR000759,FAM00303,2021-12-10,Queens,9,White,Neglect - Educational,Anonymous,0.147,CW0022,50,Law enforcement responded to domestic incident. Child present during excessive absences. Child has not seen doctor in over a year.,Unsubstantiated
SCR000760,FAM00639,2024-05-25,Queens,6,Unknown,Sexual Abuse,Family Member,0.204,CW0054,48,Shelter staff reports child not attending school regularly. Family has been in shelter for 2 months. Caregiver appeared intoxicated.,Substantiated
SCR000761,FAM00056,2024-05-28,Brooklyn,8,Unknown,Neglect - Inadequate Food/Clothing/Shelter,Hospital/Medical,0.445,CW0036,68,Reporter states child appeared disheveled and hungry at school. Child reported parent unable to be reached. Family has no prior ACS involvement.,Substantiated
SCR000762,FAM00526,2021-08-23,Queens,2,Black/African American,Physical Abuse,Shelter Staff,0.199,CW0058,52,Law enforcement responded to domestic incident. Child present during excessive absences. Child has not seen doctor in over a year.,Substantiated
SCR000763,FAM00474,2021-12-02,Brooklyn,11,White,Neglect - Inadequate Supervision,Anonymous,0.134,CW0020,68,Neighbor reports child unsupervised for extended periods. Child seen left alone overnight. Family known to shelter system.,Substantiated
SCR000764,FAM00028,2022-09-30,Brooklyn,14,Hispanic/Latino,Emotional Abuse,Social Service Provider,0.337,CW0016,77,Anonymous caller reports child left alone overnight. Unable to verify no food in home. Two prior substantiated reports.,Substantiated
SCR000765,FAM00078,2021-08-10,Bronx,2,Hispanic/Latino,Emotional Abuse,Family Member,0.204,CW0056,73,Neighbor reports child unsupervised for extended periods. Child seen left alone overnight. Family known to shelter system.,Unfounded
SCR000766,FAM00216,2024-03-31,Manhattan,1,Black/African American,Neglect - Inadequate Supervision,Hospital/Medical,0.411,CW0050,76,Medical staff observed bruising on arms during routine checkup. Child disclosed hitting at home. Prior ACS history: one prior report in 2022 unsubstantiated.,Unsubstantiated
SCR000767,FAM00386,2021-02-22,Staten Island,0,Hispanic/Latino,Neglect - Inadequate Supervision,School/Educational Staff,0.231,CW0066,44,Neighbor reports child unsupervised for extended periods. Child seen left alone overnight. Family known to shelter system.,Substantiated
SCR000768,FAM00365,2022-10-01,Manhattan,9,Unknown,Neglect - Inadequate Supervision,Shelter Staff,0.298,CW0074,72,Medical staff observed bruising on arms during routine checkup. Child disclosed hitting at home. Prior ACS history: one prior report in 2022 unsubstantiated.,Unsubstantiated
SCR000769,FAM00526,2024-03-25,Brooklyn,8,Multiracial,Domestic Violence Exposure,Daycare/Childcare,0.382,CW0013,31,Reporter states child appeared disheveled and hungry at school. Child reported parent unable to be reached. Family has no prior ACS involvement.,Unsubstantiated
SCR000770,FAM00312,2024-10-19,Manhattan,7,Hispanic/Latino,Physical Abuse,Shelter Staff,0.305,CW0015,64,Shelter staff reports child not attending school regularly. Family has been in shelter for 2 months. Caregiver appeared intoxicated.,Still Open
SCR000771,FAM00007,2023-02-08,Bronx,3,Black/African American,Neglect - Medical,Shelter Staff,0.332,CW0073,49,Anonymous caller reports child left alone overnight. Unable to verify no food in home. Two prior substantiated reports.,Substantiated
SCR000772,FAM00003,2023-03-24,Queens,5,Black/African American,Neglect - Inadequate Supervision,Anonymous,0.15,CW0027,57,Reporter states child appeared disheveled and hungry at school. Child reported parent unable to be reached. Family has no prior ACS involvement.,Unsubstantiated
SCR000773,FAM00623,2022-02-11,Brooklyn,8,White,Emotional Abuse,Hospital/Medical,0.444,CW0008,44,Shelter staff reports child not attending school regularly. Family has been in shelter for 2 months. Caregiver appeared intoxicated.,Substantiated
SCR000774,FAM00363,2021-06-05,Brooklyn,7,White,Emotional Abuse,Anonymous,0.148,CW0070,45,Shelter staff reports child not attending school regularly. Family has been in shelter for 2 months. Caregiver appeared intoxicated.,Unsubstantiated
SCR000775,FAM00508,2024-04-27,Manhattan,17,Hispanic/Latino,Physical Abuse,Hospital/Medical,0.454,CW0050,62,Medical staff observed bruising on arms during routine checkup. Child disclosed hitting at home. Prior ACS history: one prior report in 2022 unsubstantiated.,Unsubstantiated
SCR000776,FAM00274,2024-11-15,Manhattan,1,Black/African American,Domestic Violence Exposure,Hospital/Medical,0.341,CW0067,76,Neighbor reports child unsupervised for extended periods. Child seen left alone overnight. Family known to shelter system.,Unfounded
SCR000777,FAM00506,2024-07-08,Bronx,10,Hispanic/Latino,Neglect - Inadequate Supervision,Hospital/Medical,0.375,CW0026,41,Neighbor reports child unsupervised for extended periods. Child seen left alone overnight. Family known to shelter system.,Unsubstantiated
SCR000778,FAM00015,2022-05-13,Manhattan,5,Hispanic/Latino,Neglect - Educational,Anonymous,0.219,CW0036,68,Anonymous caller reports child left alone overnight. Unable to verify no food in home. Two prior substantiated reports.,Unsubstantiated
SCR000779,FAM00192,2021-07-28,Bronx,5,Multiracial,Physical Abuse,School/Educational Staff,0.187,CW0021,68,Anonymous caller reports child left alone overnight. Unable to verify no food in home. Two prior substantiated reports.,Unsubstantiated
SCR000780,FAM00631,2024-11-28,Manhattan,11,Hispanic/Latino,Physical Abuse,School/Educational Staff,0.303,CW0077,72,Medical staff observed bruising on arms during routine checkup. Child disclosed hitting at home. Prior ACS history: one prior report in 2022 unsubstantiated.,Substantiated
SCR000781,FAM00485,2022-09-10,Queens,10,Black/African American,Neglect - Inadequate Food/Clothing/Shelter,Neighbor/Community,0.239,CW0052,49,Medical staff observed bruising on arms during routine checkup. Child disclosed hitting at home. Prior ACS history: one prior report in 2022 unsubstantiated.,Unsubstantiated
SCR000782,FAM00028,2024-11-02,Queens,17,Hispanic/Latino,Neglect - Inadequate Supervision,School/Educational Staff,0.305,CW0011,58,Reporter states child appeared disheveled and hungry at school. Child reported parent unable to be reached. Family has no prior ACS involvement.,Unsubstantiated
SCR000783,FAM00039,2024-05-14,Brooklyn,1,Black/African American,Neglect - Inadequate Food/Clothing/Shelter,Shelter Staff,0.26,CW0008,72,Medical staff observed bruising on arms during routine checkup. Child disclosed hitting at home. Prior ACS history: one prior report in 2022 unsubstantiated.,Substantiated
SCR000784,FAM00273,2021-09-05,Brooklyn,1,Unknown,Neglect - Inadequate Supervision,Shelter Staff,0.286,CW0057,78,Neighbor reports child unsupervised for extended periods. Child seen left alone overnight. Family known to shelter system.,Unsubstantiated
SCR000785,FAM00231,2024-03-05,Bronx,11,Black/African American,Neglect - Inadequate Food/Clothing/Shelter,Shelter Staff,0.262,CW0046,32,Medical staff observed bruising on arms during routine checkup. Child disclosed hitting at home. Prior ACS history: one prior report in 2022 unsubstantiated.,Substantiated
SCR000786,FAM00086,2021-03-26,Queens,8,Hispanic/Latino,Physical Abuse,Law Enforcement,0.382,CW0078,77,Medical staff observed bruising on arms during routine checkup. Child disclosed hitting at home. Prior ACS history: one prior report in 2022 unsubstantiated.,Unsubstantiated
SCR000787,FAM00474,2022-12-13,Bronx,3,Black/African American,Physical Abuse,School/Educational Staff,0.276,CW0002,34,Shelter staff reports child not attending school regularly. Family has been in shelter for 2 months. Caregiver appeared intoxicated.,Unsubstantiated
SCR000788,FAM00126,2023-12-28,Brooklyn,0,Hispanic/Latino,Neglect - Inadequate Supervision,Shelter Staff,0.335,CW0064,31,Medical staff observed bruising on arms during routine checkup. Child disclosed hitting at home. Prior ACS history: one prior report in 2022 unsubstantiated.,Substantiated
SCR000789,FAM00537,2023-05-28,Bronx,1,Hispanic/Latino,Neglect - Inadequate Supervision,Hospital/Medical,0.491,CW0052,52,Anonymous caller reports child left alone overnight. Unable to verify no food in home. Two prior substantiated reports.,Substantiated
SCR000790,FAM00145,2024-09-16,Bronx,15,White,Neglect - Inadequate Supervision,Law Enforcement,0.373,CW0065,55,Reporter states child appeared disheveled and hungry at school. Child reported parent unable to be reached. Family has no prior ACS involvement.,Substantiated
SCR000791,FAM00525,2023-01-29,Manhattan,2,Black/African American,Neglect - Educational,School/Educational Staff,0.241,CW0011,55,Medical staff observed bruising on arms during routine checkup. Child disclosed hitting at home. Prior ACS history: one prior report in 2022 unsubstantiated.,Substantiated
SCR000792,FAM00212,2021-05-22,Bronx,4,Black/African American,Emotional Abuse,Shelter Staff,0.254,CW0006,36,Anonymous caller reports child left alone overnight. Unable to verify no food in home. Two prior substantiated reports.,Unsubstantiated
SCR000793,FAM00025,2023-11-03,Manhattan,2,Black/African American,Neglect - Medical,School/Educational Staff,0.301,CW0079,39,Law enforcement responded to domestic incident. Child present during excessive absences. Child has not seen doctor in over a year.,Unsubstantiated
SCR000794,FAM00580,2024-08-19,Brooklyn,4,Hispanic/Latino,Neglect - Inadequate Supervision,School/Educational Staff,0.335,CW0076,34,Law enforcement responded to domestic incident. Child present during excessive absences. Child has not seen doctor in over a year.,Still Open
SCR000795,FAM00394,2022-11-30,Bronx,0,Black/African American,Emotional Abuse,School/Educational Staff,0.26,CW0064,76,Shelter staff reports child not attending school regularly. Family has been in shelter for 2 months. Caregiver appeared intoxicated.,Unfounded
SCR000796,FAM00067,2021-01-26,Brooklyn,7,Hispanic/Latino,Neglect - Medical,School/Educational Staff,0.272,CW0055,41,Shelter staff reports child not attending school regularly. Family has been in shelter for 2 months. Caregiver appeared intoxicated.,Unfounded
SCR000797,FAM00233,2023-05-11,Bronx,0,Asian,Sexual Abuse,Anonymous,0.166,CW0044,61,Law enforcement responded to domestic incident. Child present during excessive absences. Child has not seen doctor in over a year.,Still Open
SCR000798,FAM00109,2023-10-01,Bronx,12,Multiracial,Neglect - Educational,Hospital/Medical,0.467,CW0014,71,Anonymous caller reports child left alone overnight. Unable to verify no food in home. Two prior substantiated reports.,Still Open
SCR000799,FAM00146,2021-08-05,Manhattan,3,Hispanic/Latino,Domestic Violence Exposure,Family Member,0.189,CW0005,60,Shelter staff reports child not attending school regularly. Family has been in shelter for 2 months. Caregiver appeared intoxicated.,Substantiated
SCR000800,FAM00111,2023-06-07,Bronx,7,Hispanic/Latino,Neglect - Inadequate Supervision,Neighbor/Community,0.113,CW0025,51,Anonymous caller reports child left alone overnight. Unable to verify no food in home. Two prior substantiated reports.,Substantiated
SCR000801,FAM00228,2023-01-12,Queens,14,Black/African American,Neglect - Inadequate Supervision,Shelter Staff,0.444,CW0050,46,Anonymous caller reports child left alone overnight. Unable to verify no food in home. Two prior substantiated reports.,Still Open
SCR000802,FAM00111,2024-07-25,Bronx,9,Hispanic/Latino,Neglect - Educational,School/Educational Staff,0.349,CW0073,49,Shelter staff reports child not attending school regularly. Family has been in shelter for 2 months. Caregiver appeared intoxicated.,Substantiated
SCR000803,FAM00470,2023-07-31,Bronx,7,White,Neglect - Inadequate Food/Clothing/Shelter,Hospital/Medical,0.407,CW0071,49,Neighbor reports child unsupervised for extended periods. Child seen left alone overnight. Family known to shelter system.,Substantiated
SCR000804,FAM00034,2024-12-19,Manhattan,4,Black/African American,Neglect - Educational,Anonymous,0.183,CW0002,72,Anonymous caller reports child left alone overnight. Unable to verify no food in home. Two prior substantiated reports.,Unsubstantiated
SCR000805,FAM00623,2021-11-10,Brooklyn,4,Hispanic/Latino,Neglect - Inadequate Supervision,Hospital/Medical,0.414,CW0010,37,Neighbor reports child unsupervised for extended periods. Child seen left alone overnight. Family known to shelter system.,Still Open
SCR000806,FAM00369,2023-06-11,Bronx,10,White,Neglect - Inadequate Supervision,School/Educational Staff,0.353,CW0002,76,Medical staff observed bruising on arms during routine checkup. Child disclosed hitting at home. Prior ACS history: one prior report in 2022 unsubstantiated.,Unsubstantiated
SCR000807,FAM00595,2021-12-27,Brooklyn,17,Asian,Emotional Abuse,Shelter Staff,0.288,CW0060,63,Law enforcement responded to domestic incident. Child present during excessive absences. Child has not seen doctor in over a year.,Unsubstantiated
SCR000808,FAM00554,2023-12-05,Bronx,10,Black/African American,Sexual Abuse,Anonymous,0.145,CW0045,78,Reporter states child appeared disheveled and hungry at school. Child reported parent unable to be reached. Family has no prior ACS involvement.,Unsubstantiated
SCR000809,FAM00425,2024-08-25,Queens,8,Hispanic/Latino,Neglect - Inadequate Supervision,Anonymous,0.134,CW0008,52,Law enforcement responded to domestic incident. Child present during excessive absences. Child has not seen doctor in over a year.,Unsubstantiated
SCR000810,FAM00613,2022-07-08,Brooklyn,11,Black/African American,Sexual Abuse,School/Educational Staff,0.238,CW0058,67,Law enforcement responded to domestic incident. Child present during excessive absences. Child has not seen doctor in over a year.,Still Open
SCR000811,FAM00518,2024-06-15,Queens,6,Black/African American,Sexual Abuse,Law Enforcement,0.477,CW0007,57,Anonymous caller reports child left alone overnight. Unable to verify no food in home. Two prior substantiated reports.,Substantiated
SCR000812,FAM00282,2024-01-08,Queens,0,Multiracial,Emotional Abuse,School/Educational Staff,0.263,CW0072,42,Neighbor reports child unsupervised for extended periods. Child seen left alone overnight. Family known to shelter system.,Unfounded
SCR000813,FAM00320,2023-09-18,Brooklyn,8,White,Neglect - Educational,School/Educational Staff,0.242,CW0021,58,Neighbor reports child unsupervised for extended periods. Child seen left alone overnight. Family known to shelter system.,Substantiated
SCR000814,FAM00443,2023-08-11,Queens,16,White,Physical Abuse,Family Member,0.209,CW0047,37,Shelter staff reports child not attending school regularly. Family has been in shelter for 2 months. Caregiver appeared intoxicated.,Unsubstantiated
SCR000815,FAM00315,2023-06-12,Brooklyn,2,Black/African American,Neglect - Medical,School/Educational Staff,0.262,CW0001,40,Reporter states child appeared disheveled and hungry at school. Child reported parent unable to be reached. Family has no prior ACS involvement.,Unsubstantiated
SCR000816,FAM00377,2024-04-28,Staten Island,10,White,Physical Abuse,School/Educational Staff,0.307,CW0012,76,Neighbor reports child unsupervised for extended periods. Child seen left alone overnight. Family known to shelter system.,Unsubstantiated
SCR000817,FAM00289,2022-07-04,Bronx,2,Hispanic/Latino,Neglect - Inadequate Supervision,School/Educational Staff,0.344,CW0075,74,Shelter staff reports child not attending school regularly. Family has been in shelter for 2 months. Caregiver appeared intoxicated.,Unfounded
SCR000818,FAM00437,2022-10-23,Manhattan,7,Black/African American,Neglect - Inadequate Food/Clothing/Shelter,Family Member,0.27,CW0048,47,Reporter states child appeared disheveled and hungry at school. Child reported parent unable to be reached. Family has no prior ACS involvement.,Substantiated
SCR000819,FAM00277,2022-05-18,Brooklyn,1,Hispanic/Latino,Physical Abuse,Anonymous,0.181,CW0004,79,Neighbor reports child unsupervised for extended periods. Child seen left alone overnight. Family known to shelter system.,Unsubstantiated
SCR000820,FAM00582,2021-06-27,Brooklyn,6,Black/African American,Neglect - Inadequate Food/Clothing/Shelter,Law Enforcement,0.365,CW0034,54,Law enforcement responded to domestic incident. Child present during excessive absences. Child has not seen doctor in over a year.,Unfounded
SCR000821,FAM00503,2022-07-26,Manhattan,11,White,Neglect - Educational,Daycare/Childcare,0.352,CW0032,78,Law enforcement responded to domestic incident. Child present during excessive absences. Child has not seen doctor in over a year.,Unsubstantiated
SCR000822,FAM00624,2023-07-13,Manhattan,4,Hispanic/Latino,Neglect - Inadequate Supervision,School/Educational Staff,0.33,CW0003,51,Reporter states child appeared disheveled and hungry at school. Child reported parent unable to be reached. Family has no prior ACS involvement.,Still Open
SCR000823,FAM00516,2022-05-15,Bronx,10,Black/African American,Emotional Abuse,Hospital/Medical,0.332,CW0068,74,Reporter states child appeared disheveled and hungry at school. Child reported parent unable to be reached. Family has no prior ACS involvement.,Unsubstantiated
SCR000824,FAM00350,2023-08-10,Bronx,12,Black/African American,Sexual Abuse,Hospital/Medical,0.449,CW0057,64,Neighbor reports child unsupervised for extended periods. Child seen left alone overnight. Family known to shelter system.,Unsubstantiated
SCR000825,FAM00446,2024-03-13,Manhattan,15,Black/African American,Neglect - Educational,School/Educational Staff,0.237,CW0076,58,Neighbor reports child unsupervised for extended periods. Child seen left alone overnight. Family known to shelter system.,Unsubstantiated
SCR000826,FAM00350,2024-06-03,Manhattan,3,Black/African American,Domestic Violence Exposure,Shelter Staff,0.382,CW0024,50,Reporter states child appeared disheveled and hungry at school. Child reported parent unable to be reached. Family has no prior ACS involvement.,Unfounded
SCR000827,FAM00607,2024-09-30,Staten Island,5,Hispanic/Latino,Neglect - Inadequate Supervision,Family Member,0.2,CW0033,36,Anonymous caller reports child left alone overnight. Unable to verify no food in home. Two prior substantiated reports.,Still Open
SCR000828,FAM00137,2023-02-16,Queens,1,White,Physical Abuse,School/Educational Staff,0.301,CW0003,41,Reporter states child appeared disheveled and hungry at school. Child reported parent unable to be reached. Family has no prior ACS involvement.,Substantiated
SCR000829,FAM00243,2022-11-20,Staten Island,17,Black/African American,Emotional Abuse,Hospital/Medical,0.382,CW0004,65,Shelter staff reports child not attending school regularly. Family has been in shelter for 2 months. Caregiver appeared intoxicated.,Unsubstantiated
SCR000830,FAM00543,2021-02-28,Manhattan,15,Black/African American,Emotional Abuse,School/Educational Staff,0.279,CW0030,53,Shelter staff reports child not attending school regularly. Family has been in shelter for 2 months. Caregiver appeared intoxicated.,Unsubstantiated
SCR000831,FAM00040,2023-10-10,Bronx,7,Hispanic/Latino,Neglect - Medical,School/Educational Staff,0.424,CW0070,61,Shelter staff reports child not attending school regularly. Family has been in shelter for 2 months. Caregiver appeared intoxicated.,Unfounded
SCR000832,FAM00229,2022-10-28,Bronx,13,White,Neglect - Inadequate Supervision,Family Member,0.267,CW0049,56,Law enforcement responded to domestic incident. Child present during excessive absences. Child has not seen doctor in over a year.,Substantiated
SCR000833,FAM00548,2022-01-08,Queens,7,Black/African American,Sexual Abuse,Shelter Staff,0.203,CW0030,61,Law enforcement responded to domestic incident. Child present during excessive absences. Child has not seen doctor in over a year.,Substantiated
SCR000834,FAM00223,2023-09-26,Manhattan,9,Black/African American,Neglect - Educational,Shelter Staff,0.355,CW0072,61,Shelter staff reports child not attending school regularly. Family has been in shelter for 2 months. Caregiver appeared intoxicated.,Unsubstantiated
SCR000835,FAM00006,2022-03-11,Bronx,1,Hispanic/Latino,Physical Abuse,Anonymous,0.2,CW0016,61,Shelter staff reports child not attending school regularly. Family has been in shelter for 2 months. Caregiver appeared intoxicated.,Still Open
SCR000836,FAM00322,2022-12-28,Brooklyn,11,Black/African American,Physical Abuse,School/Educational Staff,0.296,CW0053,55,Anonymous caller reports child left alone overnight. Unable to verify no food in home. Two prior substantiated reports.,Unsubstantiated
SCR000837,FAM00468,2022-06-14,Staten Island,1,Black/African American,Physical Abuse,Shelter Staff,0.295,CW0006,40,Reporter states child appeared disheveled and hungry at school. Child reported parent unable to be reached. Family has no prior ACS involvement.,Still Open
SCR000838,FAM00075,2022-11-29,Brooklyn,13,White,Neglect - Inadequate Supervision,Hospital/Medical,0.419,CW0024,75,Law enforcement responded to domestic incident. Child present during excessive absences. Child has not seen doctor in over a year.,Unfounded
SCR000839,FAM00004,2022-07-27,Brooklyn,12,Hispanic/Latino,Sexual Abuse,Law Enforcement,0.479,CW0028,47,Shelter staff reports child not attending school regularly. Family has been in shelter for 2 months. Caregiver appeared intoxicated.,Unsubstantiated
SCR000840,FAM00646,2024-05-05,Brooklyn,10,Hispanic/Latino,Neglect - Educational,Social Service Provider,0.29,CW0021,68,Anonymous caller reports child left alone overnight. Unable to verify no food in home. Two prior substantiated reports.,Unsubstantiated
SCR000841,FAM00118,2024-12-07,Bronx,0,White,Neglect - Educational,Anonymous,0.147,CW0008,34,Medical staff observed bruising on arms during routine checkup. Child disclosed hitting at home. Prior ACS history: one prior report in 2022 unsubstantiated.,Unsubstantiated
SCR000842,FAM00606,2022-07-20,Brooklyn,4,Hispanic/Latino,Physical Abuse,Hospital/Medical,0.399,CW0036,45,Neighbor reports child unsupervised for extended periods. Child seen left alone overnight. Family known to shelter system.,Unsubstantiated
SCR000843,FAM00504,2024-02-13,Brooklyn,3,Black/African American,Neglect - Inadequate Food/Clothing/Shelter,Anonymous,0.068,CW0009,40,Shelter staff reports child not attending school regularly. Family has been in shelter for 2 months. Caregiver appeared intoxicated.,Unfounded
SCR000844,FAM00574,2021-01-21,Bronx,4,Black/African American,Sexual Abuse,School/Educational Staff,0.42,CW0040,64,Law enforcement responded to domestic incident. Child present during excessive absences. Child has not seen doctor in over a year.,Unsubstantiated
SCR000845,FAM00441,2023-11-25,Queens,1,Black/African American,Neglect - Inadequate Supervision,School/Educational Staff,0.251,CW0051,77,Shelter staff reports child not attending school regularly. Family has been in shelter for 2 months. Caregiver appeared intoxicated.,Substantiated
SCR000846,FAM00194,2022-01-27,Brooklyn,16,Black/African American,Neglect - Educational,School/Educational Staff,0.321,CW0001,40,Medical staff observed bruising on arms during routine checkup. Child disclosed hitting at home. Prior ACS history: one prior report in 2022 unsubstantiated.,Substantiated
SCR000847,FAM00392,2021-06-25,Queens,8,Hispanic/Latino,Sexual Abuse,Hospital/Medical,0.333,CW0063,71,Reporter states child appeared disheveled and hungry at school. Child reported parent unable to be reached. Family has no prior ACS involvement.,Substantiated
SCR000848,FAM00026,2022-05-10,Queens,4,Asian,Neglect - Inadequate Food/Clothing/Shelter,Shelter Staff,0.26,CW0068,52,Law enforcement responded to domestic incident. Child present during excessive absences. Child has not seen doctor in over a year.,Still Open
SCR000849,FAM00435,2023-04-13,Bronx,5,Unknown,Neglect - Educational,Law Enforcement,0.401,CW0074,63,Reporter states child appeared disheveled and hungry at school. Child reported parent unable to be reached. Family has no prior ACS involvement.,Substantiated
SCR000850,FAM00173,2023-09-28,Manhattan,6,Hispanic/Latino,Physical Abuse,Family Member,0.179,CW0026,77,Neighbor reports child unsupervised for extended periods. Child seen left alone overnight. Family known to shelter system.,Unfounded
SCR000851,FAM00300,2024-02-12,Brooklyn,8,Black/African American,Neglect - Inadequate Food/Clothing/Shelter,Shelter Staff,0.309,CW0040,46,Anonymous caller reports child left alone overnight. Unable to verify no food in home. Two prior substantiated reports.,Unsubstantiated
SCR000852,FAM00645,2022-05-08,Queens,7,Black/African American,Physical Abuse,Shelter Staff,0.267,CW0003,39,Reporter states child appeared disheveled and hungry at school. Child reported parent unable to be reached. Family has no prior ACS involvement.,Substantiated
SCR000853,FAM00326,2024-11-15,Bronx,15,White,Neglect - Inadequate Food/Clothing/Shelter,School/Educational Staff,0.368,CW0009,47,Shelter staff reports child not attending school regularly. Family has been in shelter for 2 months. Caregiver appeared intoxicated.,Substantiated
SCR000854,FAM00410,2023-09-03,Manhattan,7,Hispanic/Latino,Emotional Abuse,School/Educational Staff,0.378,CW0032,73,Anonymous caller reports child left alone overnight. Unable to verify no food in home. Two prior substantiated reports.,Unsubstantiated
SCR000855,FAM00118,2024-08-15,Manhattan,17,Hispanic/Latino,Emotional Abuse,Shelter Staff,0.251,CW0067,37,Medical staff observed bruising on arms during routine checkup. Child disclosed hitting at home. Prior ACS history: one prior report in 2022 unsubstantiated.,Substantiated
SCR000856,FAM00225,2024-12-28,Bronx,14,White,Physical Abuse,Hospital/Medical,0.424,CW0004,55,Reporter states child appeared disheveled and hungry at school. Child reported parent unable to be reached. Family has no prior ACS involvement.,Substantiated
SCR000857,FAM00532,2023-10-03,Bronx,2,White,Neglect - Educational,Anonymous,0.149,CW0006,32,Medical staff observed bruising on arms during routine checkup. Child disclosed hitting at home. Prior ACS history: one prior report in 2022 unsubstantiated.,Substantiated
SCR000858,FAM00113,2023-07-07,Manhattan,16,White,Sexual Abuse,School/Educational Staff,0.341,CW0073,53,Anonymous caller reports child left alone overnight. Unable to verify no food in home. Two prior substantiated reports.,Unsubstantiated
SCR000859,FAM00140,2021-02-05,Manhattan,1,Black/African American,Physical Abuse,School/Educational Staff,0.311,CW0026,32,Law enforcement responded to domestic incident. Child present during excessive absences. Child has not seen doctor in over a year.,Substantiated
SCR000860,FAM00559,2021-07-10,Brooklyn,13,White,Physical Abuse,Hospital/Medical,0.43,CW0002,67,Law enforcement responded to domestic incident. Child present during excessive absences. Child has not seen doctor in over a year.,Unsubstantiated
SCR000861,FAM00001,2022-08-26,Manhattan,5,Asian,Neglect - Inadequate Supervision,School/Educational Staff,0.298,CW0066,31,Shelter staff reports child not attending school regularly. Family has been in shelter for 2 months. Caregiver appeared intoxicated.,Substantiated
SCR000862,FAM00090,2022-03-30,Brooklyn,14,Black/African American,Sexual Abuse,School/Educational Staff,0.316,CW0003,64,Shelter staff reports child not attending school regularly. Family has been in shelter for 2 months. Caregiver appeared intoxicated.,Unsubstantiated
SCR000863,FAM00320,2023-04-09,Manhattan,14,Hispanic/Latino,Physical Abuse,Daycare/Childcare,0.415,CW0035,46,Shelter staff reports child not attending school regularly. Family has been in shelter for 2 months. Caregiver appeared intoxicated.,Still Open
SCR000864,FAM00550,2024-11-17,Bronx,12,Black/African American,Neglect - Educational,School/Educational Staff,0.342,CW0059,38,Medical staff observed bruising on arms during routine checkup. Child disclosed hitting at home. Prior ACS history: one prior report in 2022 unsubstantiated.,Unsubstantiated
SCR000865,FAM00139,2022-05-14,Queens,12,Unknown,Neglect - Inadequate Supervision,Law Enforcement,0.415,CW0038,65,Neighbor reports child unsupervised for extended periods. Child seen left alone overnight. Family known to shelter system.,Unsubstantiated
SCR000866,FAM00511,2022-09-20,Bronx,4,Black/African American,Neglect - Medical,Hospital/Medical,0.456,CW0033,51,Neighbor reports child unsupervised for extended periods. Child seen left alone overnight. Family known to shelter system.,Unsubstantiated
SCR000867,FAM00259,2024-09-21,Brooklyn,1,Hispanic/Latino,Neglect - Educational,School/Educational Staff,0.302,CW0015,60,Neighbor reports child unsupervised for extended periods. Child seen left alone overnight. Family known to shelter system.,Unsubstantiated
SCR000868,FAM00010,2024-04-06,Bronx,5,Black/African American,Domestic Violence Exposure,Hospital/Medical,0.436,CW0075,63,Law enforcement responded to domestic incident. Child present during excessive absences. Child has not seen doctor in over a year.,Substantiated
SCR000869,FAM00261,2023-01-26,Bronx,2,White,Physical Abuse,Anonymous,0.086,CW0074,53,Law enforcement responded to domestic incident. Child present during excessive absences. Child has not seen doctor in over a year.,Unfounded
SCR000870,FAM00650,2023-08-28,Brooklyn,10,Black/African American,Physical Abuse,Hospital/Medical,0.483,CW0014,38,Neighbor reports child unsupervised for extended periods. Child seen left alone overnight. Family known to shelter system.,Unsubstantiated
SCR000871,FAM00172,2024-02-08,Bronx,4,Black/African American,Neglect - Inadequate Supervision,Daycare/Childcare,0.211,CW0066,75,Anonymous caller reports child left alone overnight. Unable to verify no food in home. Two prior substantiated reports.,Still Open
SCR000872,FAM00013,2023-12-24,Queens,17,Hispanic/Latino,Neglect - Inadequate Supervision,School/Educational Staff,0.306,CW0045,72,Shelter staff reports child not attending school regularly. Family has been in shelter for 2 months. Caregiver appeared intoxicated.,Unsubstantiated
SCR000873,FAM00168,2022-12-06,Bronx,9,Multiracial,Neglect - Medical,Anonymous,0.197,CW0048,31,Reporter states child appeared disheveled and hungry at school. Child reported parent unable to be reached. Family has no prior ACS involvement.,Substantiated
SCR000874,FAM00642,2023-05-22,Brooklyn,13,Black/African American,Neglect - Inadequate Supervision,School/Educational Staff,0.242,CW0044,50,Anonymous caller reports child left alone overnight. Unable to verify no food in home. Two prior substantiated reports.,Unsubstantiated
SCR000875,FAM00596,2024-02-02,Brooklyn,1,Black/African American,Emotional Abuse,Law Enforcement,0.4,CW0037,63,Anonymous caller reports child left alone overnight. Unable to verify no food in home. Two prior substantiated reports.,Unsubstantiated
SCR000876,FAM00321,2022-11-09,Bronx,14,White,Neglect - Inadequate Supervision,Shelter Staff,0.246,CW0029,56,Neighbor reports child unsupervised for extended periods. Child seen left alone overnight. Family known to shelter system.,Unsubstantiated
SCR000877,FAM00319,2022-12-22,Bronx,15,Hispanic/Latino,Neglect - Educational,Family Member,0.202,CW0034,66,Reporter states child appeared disheveled and hungry at school. Child reported parent unable to be reached. Family has no prior ACS involvement.,Unsubstantiated
SCR000878,FAM00613,2024-12-10,Brooklyn,6,Multiracial,Neglect - Educational,Hospital/Medical,0.467,CW0059,36,Neighbor reports child unsupervised for extended periods. Child seen left alone overnight. Family known to shelter system.,Unsubstantiated
SCR000879,FAM00329,2023-07-19,Brooklyn,8,Black/African American,Neglect - Inadequate Food/Clothing/Shelter,School/Educational Staff,0.32,CW0043,51,Reporter states child appeared disheveled and hungry at school. Child reported parent unable to be reached. Family has no prior ACS involvement.,Unsubstantiated
SCR000880,FAM00550,2022-07-09,Brooklyn,12,Hispanic/Latino,Domestic Violence Exposure,School/Educational Staff,0.208,CW0033,33,Shelter staff reports child not attending school regularly. Family has been in shelter for 2 months. Caregiver appeared intoxicated.,Substantiated
SCR000881,FAM00419,2022-09-20,Brooklyn,2,Black/African American,Neglect - Inadequate Supervision,Anonymous,0.091,CW0019,43,Anonymous caller reports child left alone overnight. Unable to verify no food in home. Two prior substantiated reports.,Substantiated
SCR000882,FAM00606,2022-05-30,Manhattan,7,Black/African American,Neglect - Inadequate Supervision,Shelter Staff,0.329,CW0008,63,Law enforcement responded to domestic incident. Child present during excessive absences. Child has not seen doctor in over a year.,Unsubstantiated
SCR000883,FAM00095,2022-04-18,Bronx,5,Hispanic/Latino,Neglect - Inadequate Supervision,Anonymous,0.162,CW0031,52,Neighbor reports child unsupervised for extended periods. Child seen left alone overnight. Family known to shelter system.,Substantiated
SCR000884,FAM00581,2021-09-05,Brooklyn,1,Hispanic/Latino,Neglect - Inadequate Food/Clothing/Shelter,School/Educational Staff,0.397,CW0011,73,Neighbor reports child unsupervised for extended periods. Child seen left alone overnight. Family known to shelter system.,Unsubstantiated
SCR000885,FAM00318,2022-01-30,Staten Island,4,White,Neglect - Inadequate Food/Clothing/Shelter,Hospital/Medical,0.504,CW0008,71,Anonymous caller reports child left alone overnight. Unable to verify no food in home. Two prior substantiated reports.,Unfounded
SCR000886,FAM00236,2022-10-09,Brooklyn,0,Black/African American,Sexual Abuse,School/Educational Staff,0.293,CW0025,54,Anonymous caller reports child left alone overnight. Unable to verify no food in home. Two prior substantiated reports.,Unsubstantiated
SCR000887,FAM00334,2021-09-02,Manhattan,0,Hispanic/Latino,Neglect - Inadequate Food/Clothing/Shelter,Neighbor/Community,0.305,CW0020,30,Shelter staff reports child not attending school regularly. Family has been in shelter for 2 months. Caregiver appeared intoxicated.,Substantiated
SCR000888,FAM00376,2024-01-03,Brooklyn,1,Hispanic/Latino,Neglect - Inadequate Food/Clothing/Shelter,Law Enforcement,0.381,CW0038,77,Medical staff observed bruising on arms during routine checkup. Child disclosed hitting at home. Prior ACS history: one prior report in 2022 unsubstantiated.,Substantiated
SCR000889,FAM00459,2024-11-14,Queens,16,Unknown,Neglect - Educational,Neighbor/Community,0.132,CW0007,44,Neighbor reports child unsupervised for extended periods. Child seen left alone overnight. Family known to shelter system.,Unsubstantiated
SCR000890,FAM00137,2022-01-15,Queens,7,Black/African American,Domestic Violence Exposure,School/Educational Staff,0.278,CW0077,61,Reporter states child appeared disheveled and hungry at school. Child reported parent unable to be reached. Family has no prior ACS involvement.,Unfounded
SCR000891,FAM00588,2022-01-28,Brooklyn,16,Black/African American,Neglect - Inadequate Supervision,Law Enforcement,0.267,CW0039,43,Shelter staff reports child not attending school regularly. Family has been in shelter for 2 months. Caregiver appeared intoxicated.,Unsubstantiated
SCR000892,FAM00547,2022-03-20,Staten Island,6,Black/African American,Neglect - Educational,Law Enforcement,0.46,CW0074,70,Anonymous caller reports child left alone overnight. Unable to verify no food in home. Two prior substantiated reports.,Substantiated
SCR000893,FAM00513,2023-09-19,Bronx,4,Hispanic/Latino,Physical Abuse,Hospital/Medical,0.5,CW0072,50,Medical staff observed bruising on arms during routine checkup. Child disclosed hitting at home. Prior ACS history: one prior report in 2022 unsubstantiated.,Unsubstantiated
SCR000894,FAM00296,2022-07-21,Bronx,7,Black/African American,Neglect - Inadequate Food/Clothing/Shelter,Anonymous,0.089,CW0020,76,Neighbor reports child unsupervised for extended periods. Child seen left alone overnight. Family known to shelter system.,Unsubstantiated
SCR000895,FAM00320,2024-04-22,Queens,6,Multiracial,Neglect - Inadequate Supervision,Neighbor/Community,0.169,CW0011,36,Neighbor reports child unsupervised for extended periods. Child seen left alone overnight. Family known to shelter system.,Substantiated
SCR000896,FAM00572,2023-12-11,Queens,1,Black/African American,Neglect - Inadequate Food/Clothing/Shelter,Family Member,0.225,CW0016,65,Anonymous caller reports child left alone overnight. Unable to verify no food in home. Two prior substantiated reports.,Unsubstantiated
SCR000897,FAM00349,2024-05-07,Bronx,9,Multiracial,Emotional Abuse,Daycare/Childcare,0.302,CW0042,50,Anonymous caller reports child left alone overnight. Unable to verify no food in home. Two prior substantiated reports.,Unsubstantiated
SCR000898,FAM00229,2022-08-03,Bronx,2,Black/African American,Neglect - Educational,School/Educational Staff,0.222,CW0052,79,Anonymous caller reports child left alone overnight. Unable to verify no food in home. Two prior substantiated reports.,Still Open
SCR000899,FAM00270,2021-07-25,Bronx,9,Hispanic/Latino,Emotional Abuse,Hospital/Medical,0.409,CW0037,69,Law enforcement responded to domestic incident. Child present during excessive absences. Child has not seen doctor in over a year.,Substantiated
SCR000900,FAM00291,2022-02-02,Bronx,9,Multiracial,Physical Abuse,Neighbor/Community,0.164,CW0052,41,Medical staff observed bruising on arms during routine checkup. Child disclosed hitting at home. Prior ACS history: one prior report in 2022 unsubstantiated.,Unsubstantiated
SCR000901,FAM00165,2022-08-30,Queens,1,Black/African American,Neglect - Inadequate Supervision,School/Educational Staff,0.291,CW0009,44,Shelter staff reports child not attending school regularly. Family has been in shelter for 2 months. Caregiver appeared intoxicated.,Unsubstantiated
SCR000902,FAM00005,2022-04-11,Brooklyn,0,Unknown,Neglect - Inadequate Food/Clothing/Shelter,Daycare/Childcare,0.361,CW0035,44,Anonymous caller reports child left alone overnight. Unable to verify no food in home. Two prior substantiated reports.,Still Open
SCR000903,FAM00379,2023-01-10,Brooklyn,12,Hispanic/Latino,Neglect - Inadequate Supervision,Daycare/Childcare,0.421,CW0067,46,Reporter states child appeared disheveled and hungry at school. Child reported parent unable to be reached. Family has no prior ACS involvement.,Unsubstantiated
SCR000904,FAM00078,2022-01-03,Brooklyn,6,Unknown,Emotional Abuse,Law Enforcement,0.365,CW0007,63,Neighbor reports child unsupervised for extended periods. Child seen left alone overnight. Family known to shelter system.,Unsubstantiated
SCR000905,FAM00410,2022-09-12,Bronx,0,Hispanic/Latino,Neglect - Inadequate Food/Clothing/Shelter,Social Service Provider,0.339,CW0002,73,Shelter staff reports child not attending school regularly. Family has been in shelter for 2 months. Caregiver appeared intoxicated.,Unsubstantiated
SCR000906,FAM00574,2021-01-29,Bronx,17,Black/African American,Neglect - Inadequate Supervision,Hospital/Medical,0.456,CW0025,64,Law enforcement responded to domestic incident. Child present during excessive absences. Child has not seen doctor in over a year.,Unsubstantiated
SCR000907,FAM00132,2024-12-21,Manhattan,0,Black/African American,Neglect - Inadequate Food/Clothing/Shelter,Hospital/Medical,0.448,CW0076,68,Anonymous caller reports child left alone overnight. Unable to verify no food in home. Two prior substantiated reports.,Unsubstantiated
SCR000908,FAM00601,2023-12-30,Staten Island,10,Black/African American,Domestic Violence Exposure,School/Educational Staff,0.279,CW0041,67,Neighbor reports child unsupervised for extended periods. Child seen left alone overnight. Family known to shelter system.,Unfounded
SCR000909,FAM00042,2021-09-17,Queens,17,Black/African American,Neglect - Inadequate Food/Clothing/Shelter,Hospital/Medical,0.425,CW0075,43,Medical staff observed bruising on arms during routine checkup. Child disclosed hitting at home. Prior ACS history: one prior report in 2022 unsubstantiated.,Unsubstantiated
SCR000910,FAM00089,2022-07-16,Bronx,3,Black/African American,Neglect - Medical,School/Educational Staff,0.337,CW0052,34,Anonymous caller reports child left alone overnight. Unable to verify no food in home. Two prior substantiated reports.,Unsubstantiated
SCR000911,FAM00402,2021-04-04,Queens,1,Black/African American,Neglect - Inadequate Supervision,Hospital/Medical,0.364,CW0077,59,Anonymous caller reports child left alone overnight. Unable to verify no food in home. Two prior substantiated reports.,Unsubstantiated
SCR000912,FAM00296,2021-04-22,Queens,1,Hispanic/Latino,Neglect - Educational,Anonymous,0.203,CW0065,33,Anonymous caller reports child left alone overnight. Unable to verify no food in home. Two prior substantiated reports.,Unsubstantiated
SCR000913,FAM00295,2024-02-08,Queens,4,White,Neglect - Inadequate Supervision,Neighbor/Community,0.252,CW0077,44,Anonymous caller reports child left alone overnight. Unable to verify no food in home. Two prior substantiated reports.,Substantiated
SCR000914,FAM00616,2022-08-22,Brooklyn,1,Black/African American,Neglect - Inadequate Supervision,School/Educational Staff,0.274,CW0038,68,Shelter staff reports child not attending school regularly. Family has been in shelter for 2 months. Caregiver appeared intoxicated.,Unsubstantiated
SCR000915,FAM00526,2024-11-29,Brooklyn,10,Black/African American,Neglect - Inadequate Supervision,Hospital/Medical,0.43,CW0067,64,Reporter states child appeared disheveled and hungry at school. Child reported parent unable to be reached. Family has no prior ACS involvement.,Unsubstantiated
SCR000916,FAM00637,2021-09-16,Brooklyn,0,Hispanic/Latino,Neglect - Educational,Family Member,0.252,CW0042,74,Anonymous caller reports child left alone overnight. Unable to verify no food in home. Two prior substantiated reports.,Unsubstantiated
SCR000917,FAM00422,2024-07-30,Bronx,7,Black/African American,Neglect - Medical,School/Educational Staff,0.283,CW0071,39,Anonymous caller reports child left alone overnight. Unable to verify no food in home. Two prior substantiated reports.,Substantiated
SCR000918,FAM00023,2023-10-03,Bronx,17,Black/African American,Sexual Abuse,School/Educational Staff,0.334,CW0054,31,Law enforcement responded to domestic incident. Child present during excessive absences. Child has not seen doctor in over a year.,Unsubstantiated
SCR000919,FAM00575,2021-07-30,Bronx,13,Black/African American,Physical Abuse,School/Educational Staff,0.318,CW0067,73,Shelter staff reports child not attending school regularly. Family has been in shelter for 2 months. Caregiver appeared intoxicated.,Unsubstantiated
SCR000920,FAM00143,2021-01-26,Brooklyn,9,Multiracial,Neglect - Educational,Law Enforcement,0.307,CW0078,53,Neighbor reports child unsupervised for extended periods. Child seen left alone overnight. Family known to shelter system.,Still Open
SCR000921,FAM00145,2024-03-21,Manhattan,4,White,Neglect - Educational,School/Educational Staff,0.333,CW0064,57,Reporter states child appeared disheveled and hungry at school. Child reported parent unable to be reached. Family has no prior ACS involvement.,Unsubstantiated
SCR000922,FAM00225,2022-08-06,Brooklyn,9,Black/African American,Neglect - Educational,Neighbor/Community,0.125,CW0004,51,Neighbor reports child unsupervised for extended periods. Child seen left alone overnight. Family known to shelter system.,Substantiated
SCR000923,FAM00503,2023-08-20,Bronx,7,Hispanic/Latino,Physical Abuse,Hospital/Medical,0.467,CW0031,73,Neighbor reports child unsupervised for extended periods. Child seen left alone overnight. Family known to shelter system.,Substantiated
SCR000924,FAM00616,2023-09-08,Staten Island,5,Hispanic/Latino,Neglect - Medical,Shelter Staff,0.246,CW0013,61,Medical staff observed bruising on arms during routine checkup. Child disclosed hitting at home. Prior ACS history: one prior report in 2022 unsubstantiated.,Unsubstantiated
SCR000925,FAM00104,2023-06-22,Staten Island,1,Hispanic/Latino,Neglect - Inadequate Food/Clothing/Shelter,School/Educational Staff,0.302,CW0027,60,Medical staff observed bruising on arms during routine checkup. Child disclosed hitting at home. Prior ACS history: one prior report in 2022 unsubstantiated.,Still Open
SCR000926,FAM00039,2022-11-29,Queens,14,Hispanic/Latino,Neglect - Educational,Shelter Staff,0.349,CW0059,48,Neighbor reports child unsupervised for extended periods. Child seen left alone overnight. Family known to shelter system.,Unfounded
SCR000927,FAM00198,2022-01-13,Staten Island,6,Hispanic/Latino,Neglect - Inadequate Food/Clothing/Shelter,Law Enforcement,0.405,CW0065,50,Law enforcement responded to domestic incident. Child present during excessive absences. Child has not seen doctor in over a year.,Substantiated
SCR000928,FAM00646,2021-04-16,Brooklyn,2,Black/African American,Neglect - Inadequate Supervision,Daycare/Childcare,0.296,CW0064,32,Medical staff observed bruising on arms during routine checkup. Child disclosed hitting at home. Prior ACS history: one prior report in 2022 unsubstantiated.,Unfounded
SCR000929,FAM00579,2022-06-02,Staten Island,4,Black/African American,Neglect - Inadequate Supervision,Daycare/Childcare,0.299,CW0025,35,Medical staff observed bruising on arms during routine checkup. Child disclosed hitting at home. Prior ACS history: one prior report in 2022 unsubstantiated.,Unsubstantiated
SCR000930,FAM00391,2023-09-06,Bronx,5,Hispanic/Latino,Physical Abuse,Shelter Staff,0.25,CW0037,61,Medical staff observed bruising on arms during routine checkup. Child disclosed hitting at home. Prior ACS history: one prior report in 2022 unsubstantiated.,Unsubstantiated
SCR000931,FAM00179,2021-08-22,Brooklyn,13,Multiracial,Physical Abuse,Family Member,0.24,CW0075,31,Medical staff observed bruising on arms during routine checkup. Child disclosed hitting at home. Prior ACS history: one prior report in 2022 unsubstantiated.,Unfounded
SCR000932,FAM00554,2021-05-14,Bronx,11,Hispanic/Latino,Neglect - Educational,Anonymous,0.158,CW0073,53,Reporter states child appeared disheveled and hungry at school. Child reported parent unable to be reached. Family has no prior ACS involvement.,Unsubstantiated
SCR000933,FAM00448,2023-04-01,Bronx,12,White,Neglect - Educational,Daycare/Childcare,0.308,CW0071,74,Neighbor reports child unsupervised for extended periods. Child seen left alone overnight. Family known to shelter system.,Still Open
SCR000934,FAM00500,2023-10-05,Bronx,0,Unknown,Domestic Violence Exposure,School/Educational Staff,0.252,CW0014,56,Reporter states child appeared disheveled and hungry at school. Child reported parent unable to be reached. Family has no prior ACS involvement.,Unsubstantiated
SCR000935,FAM00015,2021-06-01,Manhattan,5,Black/African American,Neglect - Inadequate Supervision,School/Educational Staff,0.324,CW0024,38,Shelter staff reports child not attending school regularly. Family has been in shelter for 2 months. Caregiver appeared intoxicated.,Unfounded
SCR000936,FAM00623,2024-03-27,Queens,6,Hispanic/Latino,Neglect - Educational,School/Educational Staff,0.301,CW0067,42,Shelter staff reports child not attending school regularly. Family has been in shelter for 2 months. Caregiver appeared intoxicated.,Unsubstantiated
SCR000937,FAM00289,2024-07-13,Brooklyn,0,Hispanic/Latino,Neglect - Educational,Law Enforcement,0.488,CW0048,43,Anonymous caller reports child left alone overnight. Unable to verify no food in home. Two prior substantiated reports.,Unsubstantiated
SCR000938,FAM00478,2024-11-06,Bronx,3,Unknown,Neglect - Educational,Hospital/Medical,0.422,CW0065,40,Shelter staff reports child not attending school regularly. Family has been in shelter for 2 months. Caregiver appeared intoxicated.,Unfounded
SCR000939,FAM00231,2021-04-20,Queens,12,Unknown,Neglect - Inadequate Supervision,Hospital/Medical,0.511,CW0038,43,Reporter states child appeared disheveled and hungry at school. Child reported parent unable to be reached. Family has no prior ACS involvement.,Unsubstantiated
SCR000940,FAM00420,2021-11-07,Manhattan,1,Hispanic/Latino,Emotional Abuse,Family Member,0.161,CW0070,45,Anonymous caller reports child left alone overnight. Unable to verify no food in home. Two prior substantiated reports.,Unsubstantiated
SCR000941,FAM00157,2021-11-02,Brooklyn,7,Black/African American,Neglect - Inadequate Supervision,Family Member,0.141,CW0059,39,Neighbor reports child unsupervised for extended periods. Child seen left alone overnight. Family known to shelter system.,Unsubstantiated
SCR000942,FAM00550,2024-02-27,Manhattan,2,White,Neglect - Inadequate Food/Clothing/Shelter,Family Member,0.164,CW0012,49,Shelter staff reports child not attending school regularly. Family has been in shelter for 2 months. Caregiver appeared intoxicated.,Substantiated
SCR000943,FAM00441,2022-09-15,Bronx,0,Black/African American,Physical Abuse,Hospital/Medical,0.479,CW0054,45,Medical staff observed bruising on arms during routine checkup. Child disclosed hitting at home. Prior ACS history: one prior report in 2022 unsubstantiated.,Unfounded
SCR000944,FAM00097,2021-06-24,Brooklyn,3,White,Neglect - Inadequate Food/Clothing/Shelter,Daycare/Childcare,0.438,CW0051,63,Shelter staff reports child not attending school regularly. Family has been in shelter for 2 months. Caregiver appeared intoxicated.,Unsubstantiated
SCR000945,FAM00411,2022-05-24,Queens,17,Multiracial,Sexual Abuse,School/Educational Staff,0.271,CW0038,45,Law enforcement responded to domestic incident. Child present during excessive absences. Child has not seen doctor in over a year.,Unsubstantiated
SCR000946,FAM00289,2021-08-31,Bronx,12,Hispanic/Latino,Sexual Abuse,School/Educational Staff,0.287,CW0046,43,Medical staff observed bruising on arms during routine checkup. Child disclosed hitting at home. Prior ACS history: one prior report in 2022 unsubstantiated.,Unsubstantiated
SCR000947,FAM00254,2024-02-17,Brooklyn,16,Hispanic/Latino,Neglect - Educational,School/Educational Staff,0.252,CW0010,57,Medical staff observed bruising on arms during routine checkup. Child disclosed hitting at home. Prior ACS history: one prior report in 2022 unsubstantiated.,Substantiated
SCR000948,FAM00196,2023-05-03,Queens,6,Hispanic/Latino,Emotional Abuse,Hospital/Medical,0.329,CW0009,47,Medical staff observed bruising on arms during routine checkup. Child disclosed hitting at home. Prior ACS history: one prior report in 2022 unsubstantiated.,Unsubstantiated
SCR000949,FAM00598,2024-05-26,Manhattan,1,Hispanic/Latino,Neglect - Inadequate Food/Clothing/Shelter,Hospital/Medical,0.456,CW0052,55,Anonymous caller reports child left alone overnight. Unable to verify no food in home. Two prior substantiated reports.,Unsubstantiated
SCR000950,FAM00522,2024-05-05,Bronx,7,Black/African American,Domestic Violence Exposure,Anonymous,0.151,CW0051,67,Shelter staff reports child not attending school regularly. Family has been in shelter for 2 months. Caregiver appeared intoxicated.,Unsubstantiated
SCR000951,FAM00517,2024-06-20,Bronx,6,White,Neglect - Inadequate Food/Clothing/Shelter,School/Educational Staff,0.311,CW0022,36,Medical staff observed bruising on arms during routine checkup. Child disclosed hitting at home. Prior ACS history: one prior report in 2022 unsubstantiated.,Substantiated
SCR000952,FAM00635,2022-04-08,Bronx,13,Multiracial,Domestic Violence Exposure,Daycare/Childcare,0.28,CW0073,74,Anonymous caller reports child left alone overnight. Unable to verify no food in home. Two prior substantiated reports.,Unfounded
SCR000953,FAM00118,2023-12-07,Manhattan,1,Unknown,Emotional Abuse,Shelter Staff,0.362,CW0072,63,Law enforcement responded to domestic incident. Child present during excessive absences. Child has not seen doctor in over a year.,Still Open
SCR000954,FAM00159,2023-02-19,Brooklyn,6,Black/African American,Neglect - Inadequate Supervision,Hospital/Medical,0.395,CW0068,76,Reporter states child appeared disheveled and hungry at school. Child reported parent unable to be reached. Family has no prior ACS involvement.,Unsubstantiated
SCR000955,FAM00228,2023-07-12,Bronx,1,Asian,Neglect - Inadequate Food/Clothing/Shelter,Shelter Staff,0.307,CW0005,78,Law enforcement responded to domestic incident. Child present during excessive absences. Child has not seen doctor in over a year.,Substantiated
SCR000956,FAM00216,2023-06-26,Staten Island,4,White,Domestic Violence Exposure,Hospital/Medical,0.347,CW0029,74,Neighbor reports child unsupervised for extended periods. Child seen left alone overnight. Family known to shelter system.,Still Open
SCR000957,FAM00015,2022-09-01,Brooklyn,11,Black/African American,Sexual Abuse,Law Enforcement,0.37,CW0006,36,Anonymous caller reports child left alone overnight. Unable to verify no food in home. Two prior substantiated reports.,Still Open
SCR000958,FAM00157,2024-04-20,Bronx,6,Black/African American,Neglect - Educational,Hospital/Medical,0.435,CW0069,62,Anonymous caller reports child left alone overnight. Unable to verify no food in home. Two prior substantiated reports.,Unsubstantiated
SCR000959,FAM00648,2023-05-29,Brooklyn,5,Black/African American,Physical Abuse,School/Educational Staff,0.326,CW0058,64,Medical staff observed bruising on arms during routine checkup. Child disclosed hitting at home. Prior ACS history: one prior report in 2022 unsubstantiated.,Unsubstantiated
SCR000960,FAM00261,2022-09-18,Manhattan,5,Multiracial,Neglect - Inadequate Supervision,School/Educational Staff,0.318,CW0043,79,Law enforcement responded to domestic incident. Child present during excessive absences. Child has not seen doctor in over a year.,Still Open
SCR000961,FAM00157,2024-03-10,Bronx,6,Hispanic/Latino,Neglect - Educational,Shelter Staff,0.305,CW0069,68,Shelter staff reports child not attending school regularly. Family has been in shelter for 2 months. Caregiver appeared intoxicated.,Substantiated
SCR000962,FAM00047,2024-06-25,Bronx,12,White,Neglect - Inadequate Supervision,Family Member,0.163,CW0072,50,Neighbor reports child unsupervised for extended periods. Child seen left alone overnight. Family known to shelter system.,Substantiated
SCR000963,FAM00324,2021-05-04,Queens,15,Black/African American,Neglect - Inadequate Supervision,Hospital/Medical,0.43,CW0037,78,Anonymous caller reports child left alone overnight. Unable to verify no food in home. Two prior substantiated reports.,Unsubstantiated
SCR000964,FAM00130,2024-06-02,Brooklyn,16,White,Emotional Abuse,Daycare/Childcare,0.356,CW0058,57,Law enforcement responded to domestic incident. Child present during excessive absences. Child has not seen doctor in over a year.,Unsubstantiated
SCR000965,FAM00411,2021-07-23,Brooklyn,12,Black/African American,Neglect - Inadequate Supervision,Law Enforcement,0.392,CW0037,61,Medical staff observed bruising on arms during routine checkup. Child disclosed hitting at home. Prior ACS history: one prior report in 2022 unsubstantiated.,Unfounded
SCR000966,FAM00095,2022-03-02,Brooklyn,4,Black/African American,Emotional Abuse,Neighbor/Community,0.184,CW0026,73,Shelter staff reports child not attending school regularly. Family has been in shelter for 2 months. Caregiver appeared intoxicated.,Unsubstantiated
SCR000967,FAM00627,2024-07-05,Bronx,10,Hispanic/Latino,Neglect - Educational,Anonymous,0.076,CW0042,45,Medical staff observed bruising on arms during routine checkup. Child disclosed hitting at home. Prior ACS history: one prior report in 2022 unsubstantiated.,Unfounded
SCR000968,FAM00292,2022-03-09,Bronx,6,Black/African American,Neglect - Inadequate Supervision,Shelter Staff,0.214,CW0016,39,Neighbor reports child unsupervised for extended periods. Child seen left alone overnight. Family known to shelter system.,Substantiated
SCR000969,FAM00283,2022-06-26,Brooklyn,3,White,Neglect - Inadequate Supervision,Law Enforcement,0.269,CW0022,52,Law enforcement responded to domestic incident. Child present during excessive absences. Child has not seen doctor in over a year.,Unsubstantiated
SCR000970,FAM00069,2024-09-14,Bronx,13,Black/African American,Neglect - Inadequate Supervision,Family Member,0.261,CW0023,77,Medical staff observed bruising on arms during routine checkup. Child disclosed hitting at home. Prior ACS history: one prior report in 2022 unsubstantiated.,Unsubstantiated
SCR000971,FAM00011,2021-06-16,Bronx,0,Hispanic/Latino,Neglect - Educational,Hospital/Medical,0.461,CW0047,79,Neighbor reports child unsupervised for extended periods. Child seen left alone overnight. Family known to shelter system.,Unfounded
SCR000972,FAM00254,2021-11-18,Queens,15,Hispanic/Latino,Neglect - Educational,Hospital/Medical,0.462,CW0067,44,Anonymous caller reports child left alone overnight. Unable to verify no food in home. Two prior substantiated reports.,Unsubstantiated
SCR000973,FAM00550,2022-05-07,Staten Island,6,Hispanic/Latino,Neglect - Inadequate Food/Clothing/Shelter,School/Educational Staff,0.325,CW0003,72,Shelter staff reports child not attending school regularly. Family has been in shelter for 2 months. Caregiver appeared intoxicated.,Unfounded
SCR000974,FAM00134,2021-12-22,Queens,9,Black/African American,Neglect - Inadequate Supervision,Anonymous,0.033,CW0012,79,Law enforcement responded to domestic incident. Child present during excessive absences. Child has not seen doctor in over a year.,Unsubstantiated
SCR000975,FAM00023,2024-02-05,Queens,9,Black/African American,Neglect - Inadequate Supervision,Anonymous,0.089,CW0023,35,Law enforcement responded to domestic incident. Child present during excessive absences. Child has not seen doctor in over a year.,Substantiated
SCR000976,FAM00346,2021-06-03,Bronx,15,Multiracial,Neglect - Inadequate Supervision,School/Educational Staff,0.319,CW0011,62,Neighbor reports child unsupervised for extended periods. Child seen left alone overnight. Family known to shelter system.,Unfounded
SCR000977,FAM00302,2021-11-17,Staten Island,9,Black/African American,Sexual Abuse,Shelter Staff,0.287,CW0052,68,Law enforcement responded to domestic incident. Child present during excessive absences. Child has not seen doctor in over a year.,Unfounded
SCR000978,FAM00363,2021-01-06,Bronx,9,White,Neglect - Medical,Shelter Staff,0.269,CW0050,41,Shelter staff reports child not attending school regularly. Family has been in shelter for 2 months. Caregiver appeared intoxicated.,Unsubstantiated
SCR000979,FAM00396,2023-04-17,Staten Island,0,Unknown,Neglect - Inadequate Food/Clothing/Shelter,School/Educational Staff,0.328,CW0057,65,Shelter staff reports child not attending school regularly. Family has been in shelter for 2 months. Caregiver appeared intoxicated.,Substantiated
SCR000980,FAM00218,2023-07-12,Staten Island,7,Black/African American,Neglect - Inadequate Supervision,Social Service Provider,0.331,CW0064,60,Law enforcement responded to domestic incident. Child present during excessive absences. Child has not seen doctor in over a year.,Unsubstantiated
SCR000981,FAM00141,2024-11-12,Manhattan,1,Black/African American,Neglect - Educational,School/Educational Staff,0.316,CW0046,39,Medical staff observed bruising on arms during routine checkup. Child disclosed hitting at home. Prior ACS history: one prior report in 2022 unsubstantiated.,Unsubstantiated
SCR000982,FAM00616,2024-05-01,Staten Island,11,Hispanic/Latino,Domestic Violence Exposure,School/Educational Staff,0.278,CW0029,63,Medical staff observed bruising on arms during routine checkup. Child disclosed hitting at home. Prior ACS history: one prior report in 2022 unsubstantiated.,Unsubstantiated
SCR000983,FAM00210,2023-08-21,Brooklyn,7,Unknown,Neglect - Educational,Law Enforcement,0.429,CW0070,70,Shelter staff reports child not attending school regularly. Family has been in shelter for 2 months. Caregiver appeared intoxicated.,Unsubstantiated
SCR000984,FAM00623,2022-08-20,Bronx,10,Multiracial,Neglect - Inadequate Supervision,Daycare/Childcare,0.328,CW0046,39,Medical staff observed bruising on arms during routine checkup. Child disclosed hitting at home. Prior ACS history: one prior report in 2022 unsubstantiated.,Unsubstantiated
SCR000985,FAM00616,2021-03-08,Brooklyn,0,Hispanic/Latino,Neglect - Inadequate Supervision,School/Educational Staff,0.243,CW0016,40,Neighbor reports child unsupervised for extended periods. Child seen left alone overnight. Family known to shelter system.,Unsubstantiated
SCR000986,FAM00460,2022-04-20,Manhattan,1,White,Neglect - Inadequate Supervision,Law Enforcement,0.341,CW0051,43,Reporter states child appeared disheveled and hungry at school. Child reported parent unable to be reached. Family has no prior ACS involvement.,Unfounded
SCR000987,FAM00356,2022-08-14,Bronx,11,Black/African American,Neglect - Educational,Shelter Staff,0.263,CW0011,32,Anonymous caller reports child left alone overnight. Unable to verify no food in home. Two prior substantiated reports.,Substantiated
SCR000988,FAM00324,2024-12-18,Manhattan,0,Unknown,Emotional Abuse,School/Educational Staff,0.36,CW0011,62,Law enforcement responded to domestic incident. Child present during excessive absences. Child has not seen doctor in over a year.,Unsubstantiated
SCR000989,FAM00133,2022-08-03,Staten Island,0,Unknown,Neglect - Educational,School/Educational Staff,0.308,CW0063,36,Neighbor reports child unsupervised for extended periods. Child seen left alone overnight. Family known to shelter system.,Unfounded
SCR000990,FAM00127,2024-12-10,Bronx,0,Black/African American,Physical Abuse,Shelter Staff,0.271,CW0053,33,Shelter staff reports child not attending school regularly. Family has been in shelter for 2 months. Caregiver appeared intoxicated.,Unsubstantiated
SCR000991,FAM00106,2023-07-19,Queens,16,Black/African American,Neglect - Educational,Hospital/Medical,0.358,CW0058,68,Reporter states child appeared disheveled and hungry at school. Child reported parent unable to be reached. Family has no prior ACS involvement.,Still Open
SCR000992,FAM00604,2021-05-26,Queens,11,Black/African American,Neglect - Educational,Neighbor/Community,0.219,CW0019,77,Anonymous caller reports child left alone overnight. Unable to verify no food in home. Two prior substantiated reports.,Substantiated
SCR000993,FAM00378,2024-11-08,Staten Island,4,Black/African American,Neglect - Medical,Anonymous,0.107,CW0032,39,Shelter staff reports child not attending school regularly. Family has been in shelter for 2 months. Caregiver appeared intoxicated.,Unsubstantiated
SCR000994,FAM00051,2022-04-24,Staten Island,3,White,Neglect - Educational,Social Service Provider,0.325,CW0050,44,Reporter states child appeared disheveled and hungry at school. Child reported parent unable to be reached. Family has no prior ACS involvement.,Substantiated
SCR000995,FAM00029,2022-06-26,Brooklyn,4,Black/African American,Emotional Abuse,School/Educational Staff,0.384,CW0072,45,Neighbor reports child unsupervised for extended periods. Child seen left alone overnight. Family known to shelter system.,Unsubstantiated
SCR000996,FAM00462,2024-07-04,Staten Island,12,Black/African American,Neglect - Inadequate Food/Clothing/Shelter,Neighbor/Community,0.205,CW0055,67,Reporter states child appeared disheveled and hungry at school. Child reported parent unable to be reached. Family has no prior ACS involvement.,Unsubstantiated
SCR000997,FAM00296,2024-04-22,Manhattan,10,Black/African American,Neglect - Educational,Hospital/Medical,0.339,CW0076,33,Medical staff observed bruising on arms during routine checkup. Child disclosed hitting at home. Prior ACS history: one prior report in 2022 unsubstantiated.,Still Open
SCR000998,FAM00297,2024-09-16,Bronx,2,Unknown,Domestic Violence Exposure,Hospital/Medical,0.332,CW0041,33,Neighbor reports child unsupervised for extended periods. Child seen left alone overnight. Family known to shelter system.,Unfounded
SCR000999,FAM00407,2022-02-10,Brooklyn,2,Hispanic/Latino,Neglect - Inadequate Supervision,School/Educational Staff,0.307,CW0070,65,Law enforcement responded to domestic incident. Child present during excessive absences. Child has not seen doctor in over a year.,Substantiated
SCR001000,FAM00613,2023-05-21,Manhattan,1,Hispanic/Latino,Sexual Abuse,School/Educational Staff,0.249,CW0021,56,Shelter staff reports child not attending school regularly. Family has been in shelter for 2 months. Caregiver appeared intoxicated.,Substantiated
